date,close,fx_rate,true_local_gap,farmgate_price_per_kg,source
2014-12-01,1.6964444308810764,95.16996193603678,0.18,184.30069148100645,synthetic
2015-01-01,1.6924249954223634,94.91238242573317,0.18,179.81875226648933,synthetic
2015-02-01,1.548973677785773,93.7385108666964,0.18,162.4085893304359,synthetic
2015-03-01,1.347159090909091,94.12937259486844,0.1877985463059537,141.84713183356493,synthetic
2015-04-01,1.3841666666666665,95.38020876665601,0.13963703190303317,154.9314083375281,synthetic
2015-05-01,1.31875,95.76529546612532,0.1734523967347731,143.76980118564683,synthetic
2015-06-01,1.317954559326172,96.56217804987996,0.19049193320313565,142.6905259614683,synthetic
2015-07-01,1.2437045496160335,96.52981582187778,0.16492907983222072,138.54204390917903,synthetic
2015-08-01,1.2714047677176339,97.87861666668819,0.1464029143715883,145.82472938223887,synthetic
2015-09-01,1.1667142813546316,96.9545757461281,0.1360895573525768,132.23585257009012,synthetic
2015-10-01,1.2512500069358132,97.40089889951913,0.1668565304793353,139.94753972246838,synthetic
2015-11-01,1.1814250068664551,96.1037214179881,0.20437096428407114,125.97001496205846,synthetic
2015-12-01,1.2027272727272729,97.96439554293478,0.17441663505649155,133.5033106447434,synthetic
2016-01-01,1.1701052575362356,98.48878046108325,0.19161495343573517,131.07808053044076,synthetic
2016-02-01,1.164450008392334,98.32492547947402,0.19853813409373153,127.75547596216158,synthetic
2016-03-01,1.2469090929898348,99.07598240411622,0.14391213506025957,145.02079674176574,synthetic
2016-04-01,1.2297380974179224,100.48430325705853,0.10812619430858891,150.73885898466543,synthetic
2016-05-01,1.243000005086263,100.98868324451885,0.15202961517974614,146.81405234847517,synthetic
2016-06-01,1.3573636349764737,101.54687989418215,0.199537602712786,152.71052252947626,synthetic
2016-07-01,1.4453749923706054,102.3395863745837,0.1436181812129484,173.5228652643919,synthetic
2016-08-01,1.4108912990404212,101.49377277656674,0.06005367245952864,180.13901735988122,synthetic
2016-09-01,1.5152142987932478,101.4810774348925,0.055541752960068635,198.3905568866918,synthetic
2016-10-01,1.5574249954223631,102.19979920657336,0.05421040432454004,204.79475336233992,synthetic
2016-11-01,1.6052000045776367,101.44411246216181,0.12230043552102299,197.76490054530936,synthetic
2016-12-01,1.3861666652134486,101.88444448433046,0.16091901489980184,163.9239298931276,synthetic
2017-01-01,1.4869249877929689,101.68359571380832,0.10447701010349897,186.23743585345363,synthetic
2017-02-01,1.4532105214972244,101.84348822624074,0.07526151985540784,185.34873477402246,synthetic
2017-03-01,1.402739131761634,100.79663211375109,0.08576323740362218,175.3778224005916,synthetic
2017-04-01,1.3563947376451992,101.50932661696007,0.09587668322718015,169.15599717119846,synthetic
2017-05-01,1.3173182019320402,102.37039919218232,0.08401164911020087,168.12927669892696,synthetic
2017-06-01,1.240886362249201,102.24509995523395,0.17020455858850506,143.37049614401155,synthetic
2017-07-01,1.3108750076293947,101.27327716369304,0.21613073514701311,144.0730981509894,synthetic
2017-08-01,1.3343043385381284,102.03905553023152,0.2220522594589446,149.3413880923391,synthetic
2017-09-01,1.3218000106811523,103.31812630340809,0.26050451832543026,143.86135137593308,synthetic
2017-10-01,1.2612045392123135,104.79101575833515,0.26885897621486443,136.13694290605844,synthetic
2017-11-01,1.2572142937069848,103.87460365281311,0.25085071236597745,135.3821327661497,synthetic
2017-12-01,1.220724998474121,102.17059186514176,0.23307349861120796,132.3024409810196,synthetic
2018-01-01,1.240904762631371,100.79950740539384,0.24785000851495392,131.93182319060102,synthetic
2018-02-01,1.207789471274928,100.5902482840008,0.23640824332266686,129.6283852808148,synthetic
2018-03-01,1.1893333217075894,103.21223607471208,0.21755812991765516,132.82255882690924,synthetic
2018-04-01,1.170547623407273,103.75047363596323,0.22979756002878327,131.99043746223546,synthetic
2018-05-01,1.182659086747603,104.75472181707397,0.15480558573291026,142.0260581108675,synthetic
2018-06-01,1.1581666601271856,106.70334122410887,0.09738819259953307,152.76189641711835,synthetic
2018-07-01,1.0911190432593938,104.37920914235144,0.1132760579644608,137.35804018295923,synthetic
2018-08-01,1.0284999980097231,106.49535565649312,0.15727854136715572,124.30195409645512,synthetic
2018-09-01,0.9762631506668893,106.66147329436804,0.18536631367221276,115.68762855751345,synthetic
2018-10-01,1.1485000013268511,104.2991885601296,0.18897779532738884,134.17478377380507,synthetic
2018-11-01,1.1179761941092354,103.41448468805757,0.18645087195269094,128.17709545419606,synthetic
2018-12-01,0.999578941746762,104.06971929618237,0.2091377164943947,112.42859340210175,synthetic
2019-01-01,1.033500006539481,103.98654500757213,0.13447462156168852,128.5534421370147,synthetic
2019-02-01,0.9947631474545128,105.78550625194771,0.1372343191992368,123.9866711530142,synthetic
2019-03-01,0.9448809487479073,105.83524137267209,0.1341401354291452,117.30342297608513,synthetic
2019-04-01,0.9186904725574311,106.0761589044543,0.15240614814280845,114.51141632706673,synthetic
2019-05-01,0.9173409132523971,107.19920978018098,0.1051422386040962,121.30023774157307,synthetic
2019-06-01,1.007050006866455,106.16212020579633,0.17929749662226527,120.34955742014134,synthetic
2019-07-01,1.0485227272727273,106.42843141599514,0.21557374966323534,120.83516626226118,synthetic
2019-08-01,0.9458409118652344,103.6904747507301,0.2282110548300049,104.2800210891869,synthetic
2019-09-01,0.9791999969482422,103.09667620396249,0.23581160018864944,108.45807583318535,synthetic
2019-10-01,0.9736739017652429,104.80036289296791,0.1695574677322758,117.95118268096357,synthetic
2019-11-01,1.0954500007629395,104.41734629979734,0.14908669805317387,131.84727316064345,synthetic
2019-12-01,1.288142845517113,103.56249807237957,0.23192566975674905,142.6647029631657,synthetic
2020-01-01,1.1356904820033482,102.8332306794151,0.31581674456258024,115.80801211269471,synthetic
2020-02-01,1.0376315789473685,101.29720408240257,0.2975694770036076,106.56061392238178,synthetic
2020-03-01,1.1484545516967772,101.5203375555156,0.19856999296431754,130.27928140210972,synthetic
2020-04-01,1.1360714285714286,101.99370178039548,0.13169269873621745,136.62051503302987,synthetic
2020-05-01,1.0516499977111817,100.96395723372703,0.1469736250336214,123.48101735626808,synthetic
2020-06-01,0.9670909118652343,101.97582613705508,0.20099873980774932,109.23951716928067,synthetic
2020-07-01,1.0327045405994761,103.82725673729463,0.17306885217445897,122.20127713747046,synthetic
2020-08-01,1.1894761912027996,105.1605942473983,0.23881296842241645,132.8137130015693,synthetic
2020-09-01,1.2114761970156716,105.32902681453548,0.22895789786443999,135.68038758158104,synthetic
2020-10-01,1.074022726579146,106.61842157752852,0.2132918870339093,123.72631618905616,synthetic
2020-11-01,1.1184999923706056,105.91102653056873,0.21837395029884893,127.24730143915414,synthetic
2020-12-01,1.2154318202625622,104.94593583039256,0.24705213852879007,134.06954525122438,synthetic
2021-01-01,1.2439999911659643,104.12169992666527,0.2836540638560116,130.75770384466543,synthetic
2021-02-01,1.2731052559300473,103.78537008002208,0.3171773144909722,127.47085220613798,synthetic
2021-03-01,1.2915652134107507,105.73746898641897,0.264829573019416,144.41960685911098,synthetic
2021-04-01,1.3247142900739397,105.2867013736974,0.17712812934249395,157.7319155441309,synthetic
2021-05-01,1.492400001525879,104.1095333746214,0.15596119352629342,180.0608432763285,synthetic
2021-06-01,1.5629318098588423,102.49406099985418,0.15474307551601652,182.80722929157258,synthetic
2021-07-01,1.693166663760231,103.38896180121702,0.20631866879746014,192.29561091606215,synthetic
2021-08-01,1.819227267178622,103.16580378398947,0.22699678030429454,202.5032904093381,synthetic
2021-09-01,1.8910714431036086,101.43353329943318,0.18684503243948863,212.10733782269497,synthetic
2021-10-01,2.02769048055013,101.05362680921841,0.19499968964160297,226.0957939601432,synthetic
2021-11-01,2.2138809640066963,101.08378160192244,0.1820005626841785,253.39525483893811,synthetic
2021-12-01,2.347999988902699,100.12350864899099,0.14810886962894856,278.0007936276405,synthetic
2022-01-01,2.36239998626709,99.12656776861064,0.15370225551248268,270.7089685005418,synthetic
2022-02-01,2.461973692241468,100.08489687440893,0.19163112257653414,279.90113018980213,synthetic
2022-03-01,2.2350869618291442,101.99495134898142,0.14119748394637127,266.1361466857364,synthetic
2022-04-01,2.2561000061035155,103.6148636318682,0.14779486397643155,271.3512067696169,synthetic
2022-05-01,2.1833333333333336,102.78428322751691,0.13345068860646783,264.7068407810698,synthetic
2022-06-01,2.313571421305338,105.48427056812841,0.17285827991180955,281.0646080049098,synthetic
2022-07-01,2.1595749816894534,107.60019746674206,0.15898564694251646,269.47055423975223,synthetic
2022-08-01,2.2422173806895382,108.18390441194404,0.16280982701093602,275.1901927432047,synthetic
2022-09-01,2.254857148670015,109.08449378458462,0.09377435495480377,299.6131702724547,synthetic
2022-10-01,1.9936190505254838,108.59859165838063,0.13323510590431692,256.43088025048183,synthetic
2022-11-01,1.6515952337355841,107.98718550002324,0.12982574852928794,211.25420227512362,synthetic
2022-12-01,1.6544999985467819,107.59952941211655,0.14897403744415993,204.8115572967357,synthetic
2023-01-01,1.592974998474121,106.8441640183524,0.10982668907177554,208.6376006540586,synthetic
2023-02-01,1.826368408203125,108.82459787957157,0.07890583507113806,247.02993491460103,synthetic
2023-03-01,1.7962173859969428,109.0172578248882,0.1418042226611662,228.0829448261007,synthetic
2023-04-01,1.912421063874897,111.38099487686381,0.1590747852394813,247.0228298407699,synthetic
2023-05-01,1.8732045399058947,112.74148227397686,0.1573574426328294,241.84464638450007,synthetic
2023-06-01,1.7816190447126115,111.88345152986408,0.19888912770271436,219.9599603195931,synthetic
2023-07-01,1.6020750045776366,111.5938372318225,0.22406897823405583,194.3055021398209,synthetic
2023-08-01,1.5504782701575237,112.01979464666454,0.29526351463426503,173.66285602317743,synthetic
2023-09-01,1.5225249938964844,114.7497906651065,0.26170142866484675,181.75676262891525,synthetic
2023-10-01,1.5565454587069425,114.71696988359926,0.25734891122090703,188.0415756128418,synthetic
2023-11-01,1.7645227189497512,114.47023581919261,0.26553060035983755,208.4941760978163,synthetic
2023-12-01,1.9408000030517578,114.10091861140661,0.26004480532566304,232.35289060846299,synthetic
2024-01-01,1.865595230829148,112.92793832379476,0.2118465395870292,228.8464829336197,synthetic
2024-02-01,1.9218000259399415,113.95921271502584,0.26771046943704563,225.6880997512389,synthetic
2024-03-01,1.8985250015258788,115.05616946528126,0.29308285101392595,217.58436037777545,synthetic
2024-04-01,2.225250001387163,114.46523236939011,0.2160415601207092,275.42583276084,synthetic
2024-05-01,2.11384089383212,113.42086143097312,0.17306569174940908,271.11492027264404,synthetic
2024-06-01,2.279421049419202,113.57357167339562,0.17563523595661643,294.71929607865303,synthetic
2024-07-01,2.3774090784246273,112.85668303224071,0.12184741596009295,323.4482119922461,synthetic
2024-08-01,2.435113629427823,113.94874560376432,0.14477480929427672,321.98186638675986,synthetic
2024-09-01,2.5766749725341795,115.07222249218903,0.16725620025328086,338.36511506305453,synthetic
2024-10-01,2.52723912778108,115.52002442666839,0.17008316815491636,335.0041152105886,synthetic
2024-11-01,2.7908499755859375,115.16917002183538,0.18055363858877566,361.46146498969927,synthetic
2024-12-01,3.221047639392671,114.63724695223233,0.15340945099827583,422.80752516077933,synthetic
2025-01-01,3.3632857404436383,114.80765528184016,0.11848190487858296,474.34032675751814,synthetic
2025-02-01,4.024973674573396,116.68076725096252,0.10900919744397745,575.9257712293286,synthetic
2025-03-01,3.9171190679640997,116.26206114477633,0.1624827237754901,526.1991777573973,synthetic
2025-04-01,3.7814523606073287,119.6677806652722,0.17646517139545534,511.32583822134063,synthetic
2025-05-01,3.774642886207217,123.14630307091684,0.19299295453096785,512.3743039856143,synthetic
2025-06-01,3.359099975585937,124.31830613721324,0.24399948428097532,448.12569436268706,synthetic
2025-07-01,2.9747391277810804,127.26612606536756,0.18242875726198313,429.3692178934174,synthetic
2025-08-01,3.4161666724795388,128.72036610455967,0.1285673995555718,519.4479327348245,synthetic
2025-09-01,3.8659523809523813,126.25226362235419,0.1526435086086671,567.8642610466139,synthetic
2025-10-01,3.9227173780358355,122.73481283075718,0.20539930836710987,526.9150931525205,synthetic
2025-11-01,4.077736848530016,125.56189085166565,0.2607094211293992,531.0800703625094,synthetic
2025-12-01,3.762954559326172,125.38788045228557,0.25861240017729914,493.14279349077975,synthetic
2026-01-01,3.56325,125.84485280236231,0.22113861166082374,480.39961817579905,synthetic
2026-02-01,2.9624473330849095,128.8485922746011,0.21271423214914895,425.8231211200339,synthetic
2026-03-01,2.9974545704234727,130.13661784597022,0.17725622896171983,443.00098440824604,synthetic
2026-04-01,2.992904750279018,129.69005137287337,0.17573025565761474,438.52509560859124,synthetic
2026-05-01,2.8515250244140624,128.7506920323455,0.15784916442830196,417.7530275413027,synthetic
2026-06-01,2.6875714474632626,130.78796979111405,0.20950742803707004,384.9927236421091,synthetic
2026-07-01,3.3061818070845175,133.21240905134943,0.2140758172204441,484.7362943523842,synthetic
2026-08-01,3.4456190418061756,130.7515780999293,0.2002956417509486,496.5366236040708,synthetic
2026-09-01,3.0101190476190474,128.63322613990607,0.1666002351836528,443.2929875219944,synthetic
2026-10-01,2.895,129.06165342315188,0.13241492474656694,432.7081406217137,synthetic
