date,village,true_local_gap,source
2015-03-08,Ondera,0.18,synthetic
2015-03-15,Ondera,0.19237128286026783,synthetic
2015-03-22,Ondera,0.1963709906016502,synthetic
2015-03-29,Ondera,0.19392832571069527,synthetic
2015-04-05,Ondera,0.14110035547819347,synthetic
2015-04-12,Ondera,0.15347183350363675,synthetic
2015-04-19,Ondera,0.10778374378622446,synthetic
2015-04-26,Ondera,0.13318533867550825,synthetic
2015-05-03,Ondera,0.15001216710089219,synthetic
2015-05-10,Ondera,0.17067194631779967,synthetic
2015-05-17,Ondera,0.18983280768966962,synthetic
2015-05-24,Ondera,0.19581949761953668,synthetic
2015-05-31,Ondera,0.1827491374944936,synthetic
2015-06-07,Ondera,0.17569057639916394,synthetic
2015-06-14,Ondera,0.20971375719340063,synthetic
2015-06-21,Ondera,0.19461474951714855,synthetic
2015-06-28,Ondera,0.18849071372397516,synthetic
2015-07-05,Ondera,0.17169572693770305,synthetic
2015-07-12,Ondera,0.16071097925260264,synthetic
2015-07-19,Ondera,0.1552063680740327,synthetic
2015-07-26,Ondera,0.16267859150784272,synthetic
2015-08-02,Ondera,0.1573202689559177,synthetic
2015-08-09,Ondera,0.15097632772990857,synthetic
2015-08-16,Ondera,0.1392155786825653,synthetic
2015-08-23,Ondera,0.14407365775208666,synthetic
2015-08-30,Ondera,0.11653203620096386,synthetic
2015-09-06,Ondera,0.1221416834894081,synthetic
2015-09-13,Ondera,0.15548483154320214,synthetic
2015-09-20,Ondera,0.1400522000362524,synthetic
2015-09-27,Ondera,0.14183355591511737,synthetic
2015-10-04,Ondera,0.20749991567790008,synthetic
2015-10-11,Ondera,0.18337804698294727,synthetic
2015-10-18,Ondera,0.1468917572012874,synthetic
2015-10-25,Ondera,0.13966559188089367,synthetic
2015-11-01,Ondera,0.18289336200174877,synthetic
2015-11-08,Ondera,0.22819739292576138,synthetic
2015-11-15,Ondera,0.19763327361962044,synthetic
2015-11-22,Ondera,0.20914767559176106,synthetic
2015-11-29,Ondera,0.20720844057872626,synthetic
2015-12-06,Ondera,0.192147479686952,synthetic
2015-12-13,Ondera,0.1477900302760832,synthetic
2015-12-20,Ondera,0.1729551224295821,synthetic
2015-12-27,Ondera,0.15420604234860116,synthetic
2016-01-03,Ondera,0.1626976344602823,synthetic
2016-01-10,Ondera,0.1657400047340252,synthetic
2016-01-17,Ondera,0.20855672887765486,synthetic
2016-01-24,Ondera,0.23285380075936232,synthetic
2016-01-31,Ondera,0.20331993496312376,synthetic
2016-02-07,Ondera,0.19582020546061524,synthetic
2016-02-14,Ondera,0.21789740718043507,synthetic
2016-02-21,Ondera,0.18543746792622934,synthetic
2016-02-28,Ondera,0.17628501140304864,synthetic
2016-03-06,Ondera,0.18163381020887281,synthetic
2016-03-13,Ondera,0.14538847218789028,synthetic
2016-03-20,Ondera,0.12018559514685251,synthetic
2016-03-27,Ondera,0.08626828328557273,synthetic
2016-04-03,Ondera,0.09924647918426792,synthetic
2016-04-10,Ondera,0.09234338041148399,synthetic
2016-04-17,Ondera,0.11924455076632118,synthetic
2016-04-24,Ondera,0.12604194907688576,synthetic
2016-05-01,Ondera,0.14260970727002928,synthetic
2016-05-08,Ondera,0.14335597901044253,synthetic
2016-05-15,Ondera,0.1627345876804009,synthetic
2016-05-22,Ondera,0.161632924674991,synthetic
2016-05-29,Ondera,0.14095592559535042,synthetic
2016-06-05,Ondera,0.17013651584713962,synthetic
2016-06-12,Ondera,0.19274060810444102,synthetic
2016-06-19,Ondera,0.24253356664088727,synthetic
2016-06-26,Ondera,0.23497650748322538,synthetic
2016-07-03,Ondera,0.21816118743025145,synthetic
2016-07-10,Ondera,0.18313305028579507,synthetic
2016-07-17,Ondera,0.09661766809636457,synthetic
2016-07-24,Ondera,0.07319775502878767,synthetic
2016-07-31,Ondera,0.0915595058919361,synthetic
2016-08-07,Ondera,0.07794926219654291,synthetic
2016-08-14,Ondera,0.027070785326812,synthetic
2016-08-21,Ondera,0.05137693090117608,synthetic
2016-08-28,Ondera,0.0471506816622744,synthetic
2016-09-04,Ondera,0.04837783701307548,synthetic
2016-09-11,Ondera,0.0479441078833734,synthetic
2016-09-18,Ondera,0.05417607264123743,synthetic
2016-09-25,Ondera,0.07359263963230726,synthetic
2016-10-02,Ondera,0.04225618345865476,synthetic
2016-10-09,Ondera,0.046819750208577836,synthetic
2016-10-16,Ondera,0.04476996945217575,synthetic
2016-10-23,Ondera,0.07965400905422265,synthetic
2016-10-30,Ondera,0.0635282758312237,synthetic
2016-11-06,Ondera,0.10829492951423622,synthetic
2016-11-13,Ondera,0.12691032007060415,synthetic
2016-11-20,Ondera,0.16695472817703327,synthetic
2016-11-27,Ondera,0.15211512532582203,synthetic
2016-12-04,Ondera,0.17208870371549556,synthetic
2016-12-11,Ondera,0.1807617467282681,synthetic
2016-12-18,Ondera,0.14721949727239897,synthetic
2016-12-25,Ondera,0.14367983091584532,synthetic
2017-01-01,Ondera,0.1360996450333603,synthetic
2017-01-08,Ondera,0.11756881489943621,synthetic
2017-01-15,Ondera,0.1047626516109114,synthetic
2017-01-22,Ondera,0.07783375976950493,synthetic
2017-01-29,Ondera,0.07453907107409342,synthetic
2017-02-05,Ondera,0.08939285097103324,synthetic
2017-02-12,Ondera,0.07831999013219101,synthetic
2017-02-19,Ondera,0.050484449815720096,synthetic
2017-02-26,Ondera,0.08292482962573357,synthetic
2017-03-05,Ondera,0.08142842475111041,synthetic
2017-03-12,Ondera,0.08894167057096801,synthetic
2017-03-19,Ondera,0.09008461987814081,synthetic
2017-03-26,Ondera,0.0843012790810027,synthetic
2017-04-02,Ondera,0.10445592402755864,synthetic
2017-04-09,Ondera,0.09789494616533234,synthetic
2017-04-16,Ondera,0.10428466176242077,synthetic
2017-04-23,Ondera,0.07727485354103933,synthetic
2017-04-30,Ondera,0.047821696688324554,synthetic
2017-05-07,Ondera,0.048363419586988074,synthetic
2017-05-14,Ondera,0.1003018938625109,synthetic
2017-05-21,Ondera,0.10993391611947521,synthetic
2017-05-28,Ondera,0.15807582456896277,synthetic
2017-06-04,Ondera,0.16972167076976022,synthetic
2017-06-11,Ondera,0.1805808121899857,synthetic
2017-06-18,Ondera,0.16749664094732583,synthetic
2017-06-25,Ondera,0.16787060405476545,synthetic
2017-07-02,Ondera,0.20877402813751428,synthetic
2017-07-09,Ondera,0.23326149084971584,synthetic
2017-07-16,Ondera,0.2155311682901356,synthetic
2017-07-23,Ondera,0.20253855991485392,synthetic
2017-07-30,Ondera,0.23086249511667858,synthetic
2017-08-06,Ondera,0.21579117202933518,synthetic
2017-08-13,Ondera,0.23385181272434538,synthetic
2017-08-20,Ondera,0.20974375590685024,synthetic
2017-08-27,Ondera,0.22170457094658955,synthetic
2017-09-03,Ondera,0.252912167067497,synthetic
2017-09-10,Ondera,0.26647962007340825,synthetic
2017-09-17,Ondera,0.2658696198576738,synthetic
2017-09-24,Ondera,0.26299818552732346,synthetic
2017-10-01,Ondera,0.2552975783059827,synthetic
2017-10-08,Ondera,0.2495110805955158,synthetic
2017-10-15,Ondera,0.27100457594710686,synthetic
2017-10-22,Ondera,0.2904363539094202,synthetic
2017-10-29,Ondera,0.291824766468445,synthetic
2017-11-05,Ondera,0.25584016056410996,synthetic
2017-11-12,Ondera,0.23888906816922348,synthetic
2017-11-19,Ondera,0.24141691934779141,synthetic
2017-11-26,Ondera,0.23826920980558972,synthetic
2017-12-03,Ondera,0.2039371126918643,synthetic
2017-12-10,Ondera,0.21710921484634857,synthetic
2017-12-17,Ondera,0.27262319721067524,synthetic
2017-12-24,Ondera,0.2387132846685323,synthetic
2017-12-31,Ondera,0.23602937919045114,synthetic
2018-01-07,Ondera,0.2683268960793537,synthetic
2018-01-14,Ondera,0.2528118260543457,synthetic
2018-01-21,Ondera,0.23859761554870768,synthetic
2018-01-28,Ondera,0.2382875998981794,synthetic
2018-02-04,Ondera,0.24688556221129984,synthetic
2018-02-11,Ondera,0.2330089572375431,synthetic
2018-02-18,Ondera,0.2512076452459687,synthetic
2018-02-25,Ondera,0.20362608170207389,synthetic
2018-03-04,Ondera,0.21662793425031568,synthetic
2018-03-11,Ondera,0.22230995503909948,synthetic
2018-03-18,Ondera,0.21579494518957845,synthetic
2018-03-25,Ondera,0.22195109811791072,synthetic
2018-04-01,Ondera,0.22008510125137304,synthetic
2018-04-08,Ondera,0.24701479360440626,synthetic
2018-04-15,Ondera,0.23199957151534664,synthetic
2018-04-22,Ondera,0.22743344606909538,synthetic
2018-04-29,Ondera,0.19308419840334237,synthetic
2018-05-06,Ondera,0.16701754463321866,synthetic
2018-05-13,Ondera,0.16253777444978476,synthetic
2018-05-20,Ondera,0.12896627858776852,synthetic
2018-05-27,Ondera,0.11359270138559886,synthetic
2018-06-03,Ondera,0.08859047738214088,synthetic
2018-06-10,Ondera,0.08395186886549211,synthetic
2018-06-17,Ondera,0.09330124037305178,synthetic
2018-06-24,Ondera,0.12046828202023432,synthetic
2018-07-01,Ondera,0.0812421908688761,synthetic
2018-07-08,Ondera,0.08367552194313334,synthetic
2018-07-15,Ondera,0.10977603924536185,synthetic
2018-07-22,Ondera,0.14555236783035366,synthetic
2018-07-29,Ondera,0.17940440434196414,synthetic
2018-08-05,Ondera,0.14737357858933336,synthetic
2018-08-12,Ondera,0.13818327499318575,synthetic
2018-08-19,Ondera,0.15372606152684667,synthetic
2018-08-26,Ondera,0.176555732574372,synthetic
2018-09-02,Ondera,0.1831029640040731,synthetic
2018-09-09,Ondera,0.18882444904034104,synthetic
2018-09-16,Ondera,0.193597865557504,synthetic
2018-09-23,Ondera,0.17548730615330496,synthetic
2018-09-30,Ondera,0.17940975828265304,synthetic
2018-10-07,Ondera,0.1976132426398088,synthetic
2018-10-14,Ondera,0.1887984713823899,synthetic
2018-10-21,Ondera,0.2144079734322313,synthetic
2018-10-28,Ondera,0.14844735461484282,synthetic
2018-11-04,Ondera,0.14335501636544423,synthetic
2018-11-11,Ondera,0.18393824545298765,synthetic
2018-11-18,Ondera,0.2031958218694067,synthetic
2018-11-25,Ondera,0.23386480104140764,synthetic
2018-12-02,Ondera,0.2333617237281827,synthetic
2018-12-09,Ondera,0.20320224785196367,synthetic
2018-12-16,Ondera,0.19016405880634651,synthetic
2018-12-23,Ondera,0.22348993853463744,synthetic
2018-12-30,Ondera,0.1793784310506674,synthetic
2019-01-06,Ondera,0.15809808726201577,synthetic
2019-01-13,Ondera,0.1213064826154169,synthetic
2019-01-20,Ondera,0.1134825882739957,synthetic
2019-01-27,Ondera,0.10871963929007758,synthetic
2019-02-03,Ondera,0.12667703533956381,synthetic
2019-02-10,Ondera,0.11198633396554546,synthetic
2019-02-17,Ondera,0.15506231606049153,synthetic
2019-02-24,Ondera,0.1712915786819773,synthetic
2019-03-03,Ondera,0.16137140846626175,synthetic
2019-03-10,Ondera,0.14051453319629043,synthetic
2019-03-17,Ondera,0.10978542342980047,synthetic
2019-03-24,Ondera,0.11745888797366172,synthetic
2019-03-31,Ondera,0.16619397360555796,synthetic
2019-04-07,Ondera,0.1635722969082139,synthetic
2019-04-14,Ondera,0.1417769735811456,synthetic
2019-04-21,Ondera,0.14320303382692368,synthetic
2019-04-28,Ondera,0.13428734748545865,synthetic
2019-05-05,Ondera,0.11732975756292717,synthetic
2019-05-12,Ondera,0.07937625617159612,synthetic
2019-05-19,Ondera,0.08522549799372943,synthetic
2019-05-26,Ondera,0.1251524120481193,synthetic
2019-06-02,Ondera,0.15652852974489698,synthetic
2019-06-09,Ondera,0.18025433506277538,synthetic
2019-06-16,Ondera,0.18504178923787465,synthetic
2019-06-23,Ondera,0.195365332443514,synthetic
2019-06-30,Ondera,0.21703469148434315,synthetic
2019-07-07,Ondera,0.21337431857733166,synthetic
2019-07-14,Ondera,0.21750749961801133,synthetic
2019-07-21,Ondera,0.20612947004076398,synthetic
2019-07-28,Ondera,0.22980909515775655,synthetic
2019-08-04,Ondera,0.2057906954206689,synthetic
2019-08-11,Ondera,0.21941645261558526,synthetic
2019-08-18,Ondera,0.23599973232872176,synthetic
2019-08-25,Ondera,0.250998122823943,synthetic
2019-09-01,Ondera,0.2621590587589897,synthetic
2019-09-08,Ondera,0.2462535764426723,synthetic
2019-09-15,Ondera,0.22923460505292031,synthetic
2019-09-22,Ondera,0.216812310491412,synthetic
2019-09-29,Ondera,0.20609330880200719,synthetic
2019-10-06,Ondera,0.1793332447380707,synthetic
2019-10-13,Ondera,0.16966547481514008,synthetic
2019-10-20,Ondera,0.15640496589953218,synthetic
2019-10-27,Ondera,0.13710752384265007,synthetic
2019-11-03,Ondera,0.14851034361565685,synthetic
2019-11-10,Ondera,0.13407258262962182,synthetic
2019-11-17,Ondera,0.14315716627394084,synthetic
2019-11-24,Ondera,0.17898149365618246,synthetic
2019-12-01,Ondera,0.2171301211812584,synthetic
2019-12-08,Ondera,0.21529222664611872,synthetic
2019-12-15,Ondera,0.23603599123440483,synthetic
2019-12-22,Ondera,0.23807610546897767,synthetic
2019-12-29,Ondera,0.2879214738534551,synthetic
2020-01-05,Ondera,0.3176108582220472,synthetic
2020-01-12,Ondera,0.33339763710225423,synthetic
2020-01-19,Ondera,0.31956628874127896,synthetic
2020-01-26,Ondera,0.30460021130413045,synthetic
2020-02-02,Ondera,0.3085420338888249,synthetic
2020-02-09,Ondera,0.29923238064187174,synthetic
2020-02-16,Ondera,0.28577258297951263,synthetic
2020-02-23,Ondera,0.29437153169940206,synthetic
2020-03-01,Ondera,0.2587822722972545,synthetic
2020-03-08,Ondera,0.20878544456991283,synthetic
2020-03-15,Ondera,0.184336365879087,synthetic
2020-03-22,Ondera,0.15843453724366496,synthetic
2020-03-29,Ondera,0.15842337263269493,synthetic
2020-04-05,Ondera,0.14071990734491502,synthetic
2020-04-12,Ondera,0.13938352536194096,synthetic
2020-04-19,Ondera,0.0971119333682677,synthetic
2020-04-26,Ondera,0.13622990813294453,synthetic
2020-05-03,Ondera,0.14847728890294148,synthetic
2020-05-10,Ondera,0.1315563910874622,synthetic
2020-05-17,Ondera,0.14231614653966615,synthetic
2020-05-24,Ondera,0.17287336497228364,synthetic
2020-05-31,Ondera,0.19254678349208101,synthetic
2020-06-07,Ondera,0.18991623896946283,synthetic
2020-06-14,Ondera,0.2033006122012625,synthetic
2020-06-21,Ondera,0.22182859574225777,synthetic
2020-06-28,Ondera,0.19200556187258208,synthetic
2020-07-05,Ondera,0.15906794073351066,synthetic
2020-07-12,Ondera,0.14743236256358266,synthetic
2020-07-19,Ondera,0.17209410816604975,synthetic
2020-07-26,Ondera,0.2061063133554435,synthetic
2020-08-02,Ondera,0.20755054386675892,synthetic
2020-08-09,Ondera,0.23973469588386415,synthetic
2020-08-16,Ondera,0.25827460865179586,synthetic
2020-08-23,Ondera,0.25146043141108093,synthetic
2020-08-30,Ondera,0.22997093780324623,synthetic
2020-09-06,Ondera,0.21227960008370667,synthetic
2020-09-13,Ondera,0.21211813144905386,synthetic
2020-09-20,Ondera,0.24174885839603966,synthetic
2020-09-27,Ondera,0.2565929181266534,synthetic
2020-10-04,Ondera,0.22215529250030575,synthetic
2020-10-11,Ondera,0.191854241352702,synthetic
2020-10-18,Ondera,0.2096040493824193,synthetic
2020-10-25,Ondera,0.21223355246311248,synthetic
2020-11-01,Ondera,0.18896572295017894,synthetic
2020-11-08,Ondera,0.20388016810997392,synthetic
2020-11-15,Ondera,0.23325430423147028,synthetic
2020-11-22,Ondera,0.2477984771890322,synthetic
2020-11-29,Ondera,0.24578412076273376,synthetic
2020-12-06,Ondera,0.2716030812145089,synthetic
2020-12-13,Ondera,0.2568378531688996,synthetic
2020-12-20,Ondera,0.23847994956391041,synthetic
2020-12-27,Ondera,0.21397152360244062,synthetic
2021-01-03,Ondera,0.2545641082529798,synthetic
2021-01-10,Ondera,0.2974938716825731,synthetic
2021-01-17,Ondera,0.2887263506297685,synthetic
2021-01-24,Ondera,0.2948463822134765,synthetic
2021-01-31,Ondera,0.297406514891473,synthetic
2021-02-07,Ondera,0.3106712713292298,synthetic
2021-02-14,Ondera,0.328798238278239,synthetic
2021-02-21,Ondera,0.33415741822240036,synthetic
2021-02-28,Ondera,0.3217552758625145,synthetic
2021-03-07,Ondera,0.30064482838232065,synthetic
2021-03-14,Ondera,0.26972885367204125,synthetic
2021-03-21,Ondera,0.20509857441690205,synthetic
2021-03-28,Ondera,0.20164750592589198,synthetic
2021-04-04,Ondera,0.18185955567849246,synthetic
2021-04-11,Ondera,0.18287919699728758,synthetic
2021-04-18,Ondera,0.18078228958292392,synthetic
2021-04-25,Ondera,0.15808759979459225,synthetic
2021-05-02,Ondera,0.14881268279175164,synthetic
2021-05-09,Ondera,0.16075747334604035,synthetic
2021-05-16,Ondera,0.16634666842444445,synthetic
2021-05-23,Ondera,0.14792794954293725,synthetic
2021-05-30,Ondera,0.13367377585851592,synthetic
2021-06-06,Ondera,0.15017322866378724,synthetic
2021-06-13,Ondera,0.15804300674703273,synthetic
2021-06-20,Ondera,0.1669424145647046,synthetic
2021-06-27,Ondera,0.16461976934689238,synthetic
2021-07-04,Ondera,0.18275558866574498,synthetic
2021-07-11,Ondera,0.1851145062227413,synthetic
2021-07-18,Ondera,0.24193525805837346,synthetic
2021-07-25,Ondera,0.2274362659968649,synthetic
2021-08-01,Ondera,0.20875087722651445,synthetic
2021-08-08,Ondera,0.24422915381945123,synthetic
2021-08-15,Ondera,0.23852372596838878,synthetic
2021-08-22,Ondera,0.21734133890479265,synthetic
2021-08-29,Ondera,0.2248518435493721,synthetic
2021-09-05,Ondera,0.17014284927620982,synthetic
2021-09-12,Ondera,0.18122925112549795,synthetic
2021-09-19,Ondera,0.18194799295558328,synthetic
2021-09-26,Ondera,0.18818313326772493,synthetic
2021-10-03,Ondera,0.16993851168750845,synthetic
2021-10-10,Ondera,0.20047997438372755,synthetic
2021-10-17,Ondera,0.20644302533799655,synthetic
2021-10-24,Ondera,0.20450055843195503,synthetic
2021-10-31,Ondera,0.2112429483681374,synthetic
2021-11-07,Ondera,0.19065941016583768,synthetic
2021-11-14,Ondera,0.18735191711295768,synthetic
2021-11-21,Ondera,0.153487584282747,synthetic
2021-11-28,Ondera,0.13089505050104822,synthetic
2021-12-05,Ondera,0.14118954482742646,synthetic
2021-12-12,Ondera,0.14680295244217256,synthetic
2021-12-19,Ondera,0.16599513760793588,synthetic
2021-12-26,Ondera,0.1523533887107971,synthetic
2022-01-02,Ondera,0.15200535607357482,synthetic
2022-01-09,Ondera,0.13877172950119787,synthetic
2022-01-16,Ondera,0.14755998904595446,synthetic
2022-01-23,Ondera,0.16749743511049334,synthetic
2022-01-30,Ondera,0.19243255063950526,synthetic
2022-02-06,Ondera,0.20445209639719233,synthetic
2022-02-13,Ondera,0.185078666837239,synthetic
2022-02-20,Ondera,0.18948963441922703,synthetic
2022-02-27,Ondera,0.16564877254706323,synthetic
2022-03-06,Ondera,0.1236884557186323,synthetic
2022-03-13,Ondera,0.13150219000455585,synthetic
2022-03-20,Ondera,0.1367325451530209,synthetic
2022-03-27,Ondera,0.15633277154931027,synthetic
2022-04-03,Ondera,0.17635491352739122,synthetic
2022-04-10,Ondera,0.14890942444676553,synthetic
2022-04-17,Ondera,0.13063320708931428,synthetic
2022-04-24,Ondera,0.13379724142174623,synthetic
2022-05-01,Ondera,0.1384548518403821,synthetic
2022-05-08,Ondera,0.15028868867676212,synthetic
2022-05-15,Ondera,0.12290132648507428,synthetic
2022-05-22,Ondera,0.12100800648496918,synthetic
2022-05-29,Ondera,0.1392000932998862,synthetic
2022-06-05,Ondera,0.18415748640107948,synthetic
2022-06-12,Ondera,0.15549463468623284,synthetic
2022-06-19,Ondera,0.19310481395150642,synthetic
2022-06-26,Ondera,0.18543593425143867,synthetic
2022-07-03,Ondera,0.1524015887626442,synthetic
2022-07-10,Ondera,0.18370376089810297,synthetic
2022-07-17,Ondera,0.15915966266330614,synthetic
2022-07-24,Ondera,0.1340707063482537,synthetic
2022-07-31,Ondera,0.15290051803422208,synthetic
2022-08-07,Ondera,0.17749230677353728,synthetic
2022-08-14,Ondera,0.17868361976542413,synthetic
2022-08-21,Ondera,0.16213919154692696,synthetic
2022-08-28,Ondera,0.1295159468836587,synthetic
2022-09-04,Ondera,0.13489842011186376,synthetic
2022-09-11,Ondera,0.08520149749917365,synthetic
2022-09-18,Ondera,0.05869191475915104,synthetic
2022-09-25,Ondera,0.09023376370889664,synthetic
2022-10-02,Ondera,0.10970500100432362,synthetic
2022-10-09,Ondera,0.14122311394632098,synthetic
2022-10-16,Ondera,0.1523607960735648,synthetic
2022-10-23,Ondera,0.1280139285314882,synthetic
2022-10-30,Ondera,0.14142302621216724,synthetic
2022-11-06,Ondera,0.10285967614301926,synthetic
2022-11-13,Ondera,0.12297701124206631,synthetic
2022-11-20,Ondera,0.15662264722962338,synthetic
2022-11-27,Ondera,0.13499152947415216,synthetic
2022-12-04,Ondera,0.16019444263156504,synthetic
2022-12-11,Ondera,0.16151576476311233,synthetic
2022-12-18,Ondera,0.15825052478122817,synthetic
2022-12-25,Ondera,0.11466701662488173,synthetic
2023-01-01,Ondera,0.11475870137963355,synthetic
2023-01-08,Ondera,0.1377292673951782,synthetic
2023-01-15,Ondera,0.10133524549635745,synthetic
2023-01-22,Ondera,0.09502701322674567,synthetic
2023-01-29,Ondera,0.08418829541096354,synthetic
2023-02-05,Ondera,0.053450232992633025,synthetic
2023-02-12,Ondera,0.08461035435850306,synthetic
2023-02-19,Ondera,0.09067690163139934,synthetic
2023-02-26,Ondera,0.09681771841872742,synthetic
2023-03-05,Ondera,0.12357999928455718,synthetic
2023-03-12,Ondera,0.10967846182704827,synthetic
2023-03-19,Ondera,0.1863472707815593,synthetic
2023-03-26,Ondera,0.17460306129696346,synthetic
2023-04-02,Ondera,0.14797258006588232,synthetic
2023-04-09,Ondera,0.1634375487852573,synthetic
2023-04-16,Ondera,0.17219963331268315,synthetic
2023-04-23,Ondera,0.15046893775938264,synthetic
2023-04-30,Ondera,0.13159010490074646,synthetic
2023-05-07,Ondera,0.15292397311046402,synthetic
2023-05-14,Ondera,0.1607867067001535,synthetic
2023-05-21,Ondera,0.17086982870580206,synthetic
2023-05-28,Ondera,0.1905053354182081,synthetic
2023-06-04,Ondera,0.17586685605055657,synthetic
2023-06-11,Ondera,0.20403638026662912,synthetic
2023-06-18,Ondera,0.20273610709293366,synthetic
2023-06-25,Ondera,0.21704008019258444,synthetic
2023-07-02,Ondera,0.19377535045244462,synthetic
2023-07-09,Ondera,0.20951069072022518,synthetic
2023-07-16,Ondera,0.21364148027651292,synthetic
2023-07-23,Ondera,0.2666562558728761,synthetic
2023-07-30,Ondera,0.25723602852326666,synthetic
2023-08-06,Ondera,0.28609067062091564,synthetic
2023-08-13,Ondera,0.2930437566730281,synthetic
2023-08-20,Ondera,0.32039020241291805,synthetic
2023-08-27,Ondera,0.31612339349017987,synthetic
2023-09-03,Ondera,0.3176559314877696,synthetic
2023-09-10,Ondera,0.25878482078165277,synthetic
2023-09-17,Ondera,0.22506253387196445,synthetic
2023-09-24,Ondera,0.24560893611751813,synthetic
2023-10-01,Ondera,0.2508483712119248,synthetic
2023-10-08,Ondera,0.2635298555422353,synthetic
2023-10-15,Ondera,0.25222594040073554,synthetic
2023-10-22,Ondera,0.2650998342735037,synthetic
2023-10-29,Ondera,0.2515780198589788,synthetic
2023-11-05,Ondera,0.24569639473963548,synthetic
2023-11-12,Ondera,0.2686571698287428,synthetic
2023-11-19,Ondera,0.2869377098861914,synthetic
2023-11-26,Ondera,0.2701206940166604,synthetic
2023-12-03,Ondera,0.26535836540969826,synthetic
2023-12-10,Ondera,0.2650742696034701,synthetic
2023-12-17,Ondera,0.2563711520022239,synthetic
2023-12-24,Ondera,0.24918911935490967,synthetic
2023-12-31,Ondera,0.2237043122135647,synthetic
2024-01-07,Ondera,0.2337099939940551,synthetic
2024-01-14,Ondera,0.20700990486075294,synthetic
2024-01-21,Ondera,0.1839961412603433,synthetic
2024-01-28,Ondera,0.21246326225278345,synthetic
2024-02-04,Ondera,0.2513599192277862,synthetic
2024-02-11,Ondera,0.287966759165201,synthetic
2024-02-18,Ondera,0.288675724126462,synthetic
2024-02-25,Ondera,0.26948664394114036,synthetic
2024-03-03,Ondera,0.28016473210463416,synthetic
2024-03-10,Ondera,0.3081332568182821,synthetic
2024-03-17,Ondera,0.302154387113308,synthetic
2024-03-24,Ondera,0.28497712403906417,synthetic
2024-03-31,Ondera,0.24080354044827612,synthetic
2024-04-07,Ondera,0.19926482842623147,synthetic
2024-04-14,Ondera,0.23660252088373515,synthetic
2024-04-21,Ondera,0.20022527243830007,synthetic
2024-04-28,Ondera,0.18421675583644412,synthetic
2024-05-05,Ondera,0.17754103296761123,synthetic
2024-05-12,Ondera,0.18344918680797606,synthetic
2024-05-19,Ondera,0.1545568302507911,synthetic
2024-05-26,Ondera,0.16926492521144382,synthetic
2024-06-02,Ondera,0.18309890568920012,synthetic
2024-06-09,Ondera,0.184658002041015,synthetic
2024-06-16,Ondera,0.17062800264036218,synthetic
2024-06-23,Ondera,0.16315458679263747,synthetic
2024-06-30,Ondera,0.12143262673920299,synthetic
2024-07-07,Ondera,0.13958356243350648,synthetic
2024-07-14,Ondera,0.13078097784737897,synthetic
2024-07-21,Ondera,0.10370564268737308,synthetic
2024-07-28,Ondera,0.10818724310798018,synthetic
2024-08-04,Ondera,0.12421729270975979,synthetic
2024-08-11,Ondera,0.13599881044680975,synthetic
2024-08-18,Ondera,0.1528640463019318,synthetic
2024-08-25,Ondera,0.1806541141931242,synthetic
2024-09-01,Ondera,0.16870294240016148,synthetic
2024-09-08,Ondera,0.1734799113598221,synthetic
2024-09-15,Ondera,0.17936372538263692,synthetic
2024-09-22,Ondera,0.14663524399545344,synthetic
2024-09-29,Ondera,0.17291783177540895,synthetic
2024-10-06,Ondera,0.16570831207439413,synthetic
2024-10-13,Ondera,0.17178532905526828,synthetic
2024-10-20,Ondera,0.17856364891309487,synthetic
2024-10-27,Ondera,0.1599887725619135,synthetic
2024-11-03,Ondera,0.17915815230534898,synthetic
2024-11-10,Ondera,0.20038970117611157,synthetic
2024-11-17,Ondera,0.20221980816489327,synthetic
2024-11-24,Ondera,0.13556142274545757,synthetic
2024-12-01,Ondera,0.1684773324969941,synthetic
2024-12-08,Ondera,0.1654133595472873,synthetic
2024-12-15,Ondera,0.15143319622429127,synthetic
2024-12-22,Ondera,0.1398081970884179,synthetic
2024-12-29,Ondera,0.1178731206336289,synthetic
2025-01-05,Ondera,0.11340037565125428,synthetic
2025-01-12,Ondera,0.1312194752657481,synthetic
2025-01-19,Ondera,0.1093526791272589,synthetic
2025-01-26,Ondera,0.11837275801778732,synthetic
2025-02-02,Ondera,0.10879236953436117,synthetic
2025-02-09,Ondera,0.10739152655993676,synthetic
2025-02-16,Ondera,0.10360532484829314,synthetic
2025-02-23,Ondera,0.11516679431418184,synthetic
2025-03-02,Ondera,0.14164362501111952,synthetic
2025-03-09,Ondera,0.14345123767042903,synthetic
2025-03-16,Ondera,0.16541140766623494,synthetic
2025-03-23,Ondera,0.19897480350956653,synthetic
2025-03-30,Ondera,0.16473182999854216,synthetic
2025-04-06,Ondera,0.18269332537756228,synthetic
2025-04-13,Ondera,0.17524062389050946,synthetic
2025-04-20,Ondera,0.1708722371993246,synthetic
2025-04-27,Ondera,0.19268365695464035,synthetic
2025-05-04,Ondera,0.18605649264315613,synthetic
2025-05-11,Ondera,0.17109839349390804,synthetic
2025-05-18,Ondera,0.1994544386679614,synthetic
2025-05-25,Ondera,0.22110952680397913,synthetic
2025-06-01,Ondera,0.22715692262132756,synthetic
2025-06-08,Ondera,0.28659582951103235,synthetic
2025-06-15,Ondera,0.2569443576621722,synthetic
2025-06-22,Ondera,0.21513648043113487,synthetic
2025-06-29,Ondera,0.2077660921533435,synthetic
2025-07-06,Ondera,0.18037194662109263,synthetic
2025-07-13,Ondera,0.18853143121342353,synthetic
2025-07-20,Ondera,0.1747178286589023,synthetic
2025-07-27,Ondera,0.16167275398628636,synthetic
2025-08-03,Ondera,0.16310617953276899,synthetic
2025-08-10,Ondera,0.14548567177275357,synthetic
2025-08-17,Ondera,0.10502984050910508,synthetic
2025-08-24,Ondera,0.09402683552151668,synthetic
2025-08-31,Ondera,0.11569891036677189,synthetic
2025-09-07,Ondera,0.1254334256094559,synthetic
2025-09-14,Ondera,0.15003580799149568,synthetic
2025-09-21,Ondera,0.1896547213153527,synthetic
2025-09-28,Ondera,0.20854913236670028,synthetic
2025-10-05,Ondera,0.2052359401026633,synthetic
2025-10-12,Ondera,0.1867092328632226,synthetic
2025-10-19,Ondera,0.196555864004086,synthetic
2025-10-26,Ondera,0.2312063020987132,synthetic
2025-11-02,Ondera,0.25934880891735096,synthetic
2025-11-09,Ondera,0.27465384140374305,synthetic
2025-11-16,Ondera,0.25012566177884277,synthetic
2025-11-23,Ondera,0.2582093602397252,synthetic
2025-11-30,Ondera,0.2685272801347674,synthetic
2025-12-07,Ondera,0.28968247071526204,synthetic
2025-12-14,Ondera,0.25375624266572205,synthetic
2025-12-21,Ondera,0.23307514123620537,synthetic
2025-12-28,Ondera,0.2324474237923339,synthetic
2026-01-04,Ondera,0.23156765977680513,synthetic
2026-01-11,Ondera,0.2143870196063195,synthetic
2026-01-18,Ondera,0.22315402559483452,synthetic
2026-01-25,Ondera,0.21358706202583583,synthetic
2026-02-01,Ondera,0.23594707320235328,synthetic
2026-02-08,Ondera,0.2211820475616432,synthetic
2026-02-15,Ondera,0.2227366602768557,synthetic
2026-02-22,Ondera,0.1729956331812849,synthetic
2026-03-01,Ondera,0.17802876151244013,synthetic
2026-03-08,Ondera,0.16335968946588952,synthetic
2026-03-15,Ondera,0.18035659072305885,synthetic
2026-03-22,Ondera,0.17650909990433616,synthetic
2026-03-29,Ondera,0.20418316456460642,synthetic
2026-04-05,Ondera,0.19065106660946665,synthetic
2026-04-12,Ondera,0.15789380450066814,synthetic
2026-04-19,Ondera,0.16479498562747344,synthetic
2026-04-26,Ondera,0.1788174389981639,synthetic
2026-05-03,Ondera,0.1623039994822172,synthetic
2026-05-10,Ondera,0.13464602948930618,synthetic
2026-05-17,Ondera,0.154707438239047,synthetic
2026-05-24,Ondera,0.17996962837875585,synthetic
2026-05-31,Ondera,0.1963059068646064,synthetic
2026-06-07,Ondera,0.19719681727089028,synthetic
2026-06-14,Ondera,0.19602101450847617,synthetic
2026-06-21,Ondera,0.23134267851542561,synthetic
2026-06-28,Ondera,0.24567245874497748,synthetic
2026-07-05,Ondera,0.2208938750155919,synthetic
2026-07-12,Ondera,0.19408790741597137,synthetic
2026-07-19,Ondera,0.20710041275412827,synthetic
2026-07-26,Ondera,0.22158241708627155,synthetic
2026-08-02,Ondera,0.20508281273192602,synthetic
2026-08-09,Ondera,0.18649849458359105,synthetic
2026-08-16,Ondera,0.20764885541986033,synthetic
2026-08-23,Ondera,0.19877545652312625,synthetic
2026-08-30,Ondera,0.21618038047740187,synthetic
2026-09-06,Ondera,0.18911213080127232,synthetic
2026-09-13,Ondera,0.16655571080271225,synthetic
2026-09-20,Ondera,0.12948231309775007,synthetic
2026-09-27,Ondera,0.13241492474656694,synthetic
2026-10-04,Ondera,0.12687539417763607,synthetic
