date,log_median,sigma_h,log_lower,log_upper,lower_price,upper_price,median_price,log_actual,err
2015-10-09,0.21752783708012494,0.11820476189712012,0.06604233941604393,0.36901333474420595,1.0682719462188797,1.4463068896785696,1.2430000305175781,0.2745968792824225,0.0
2015-10-16,0.2745968792824225,0.11820476189712012,0.12311138161834148,0.4260823769465035,1.1310103876995117,1.5312469093826369,1.3160000610351563,0.22992052346864927,0.0
2015-10-23,0.22992052346864927,0.11820476189712012,0.07843502580456826,0.38140602113273026,1.0815930772391975,1.4643420385385482,1.2584999847412108,0.16932071885260136,0.0
2015-10-30,0.16932071885260136,0.11820476189712012,0.01783522118852035,0.3208062165166824,1.017995218526502,1.378238475161691,1.1844999694824219,0.19020702583637927,0.0
2015-11-06,0.19020702583637927,0.11820476189712012,0.038721528172298264,0.3416925235004603,1.039480977174755,1.4073275108449068,1.2094999694824218,0.16339354690843574,0.0
2015-11-13,0.16339354690843574,0.11820476189712012,0.011908049244354735,0.31487904457251675,1.0119792323327237,1.3700935806794672,1.1775,0.11466708858382275,0.0
2015-11-20,0.11466708858382275,0.11820476189712012,-0.036818409080258255,0.2661525862479038,0.9638511460745031,1.304934158503602,1.121500015258789,0.1980308630165987,0.0
2015-11-30,0.1980308630165987,0.11820476189712012,0.04654536535251769,0.3495163606806797,1.0476456048026903,1.4183813976681439,1.219000015258789,0.1561486955427877,0.0
2015-12-07,0.1561486955427877,0.11820476189712012,0.0046631978787066986,0.3076341932068687,1.0046740875061841,1.3602033263017124,1.1690000152587892,0.2041645971573274,0.0
2015-12-14,0.2041645971573274,0.11820476189712012,0.052679099493246395,0.3556500948214084,1.0540913323971663,1.4271081083731088,1.226500015258789,0.15913822133829747,0.0
2015-12-21,0.15913822133829747,0.11820476189712012,0.007652723674216461,0.3106237190023785,1.0076820806030733,1.3642757735428244,1.1725,0.16126814759612232,0.0
2015-12-29,0.16126814759612232,0.11226751195427201,0.017391541891327883,0.3051447533009167,1.0175436553054347,1.3568213931672346,1.175,0.19433244433240096,0.0
2016-01-06,0.19433244433240096,0.10984315642617143,0.053562775250080547,0.3351021134147214,1.0550232190352686,1.3980831409772938,1.214499969482422,0.1819047778556959,0.0
2016-01-13,0.1819047778556959,0.10536802305736441,0.04687022294819099,0.3169393327632008,1.0479859957212783,1.3729192781799282,1.1994999694824218,0.13802132448063056,0.0
2016-01-21,0.13802132448063056,0.10417747676350747,0.00451251603987135,0.2715301329213898,1.0045227127722465,1.3119704047619343,1.1480000305175782,0.13453090629570835,0.0
2016-01-28,0.13453090629570835,0.10039588075362586,0.005868408141670112,0.2631934044497466,1.005885660981119,1.301078328957982,1.144000015258789,0.17521303036302907,0.0
2016-02-04,0.17521303036302907,0.10037345438104012,0.046579272761887586,0.30384678796417053,1.0476811283533394,1.3550614284644233,1.1915000152587891,0.20863884034056634,0.0
2016-02-11,0.20863884034056634,0.09913538223875358,0.08159173603162934,0.33568594464950335,1.085012747782426,1.3988996239047442,1.231999969482422,0.12221763272424911,0.0
2016-02-19,0.12221763272424911,0.10629819494725715,-0.014008985424973405,0.2584442508734716,0.9860886837971691,1.2949139575184987,1.13,0.14626250697825208,0.0
2016-02-26,0.14626250697825208,0.10439396980062547,0.012476251546844758,0.28004876240965937,1.0125544046542512,1.3231943329084552,1.1575,0.12221763272424911,0.0
2016-03-04,0.12221763272424911,0.1021150281016308,-0.008648041405026688,0.2530833068535249,0.9913892453418508,1.2879905708072303,1.13,0.17227124662864998,0.0
2016-03-11,0.17227124662864998,0.10306121324435114,0.04019298744842589,0.3043495058088741,1.0410116569912997,1.3557428132829852,1.1880000305175782,0.21833200658289528,0.0
2016-03-18,0.21833200658289528,0.10317062877327186,0.08611352576028794,0.35055048740550265,1.0899300564201473,1.419848942460324,1.2440000152587891,0.2915496295779376,0.0
2016-03-28,0.2915496295779376,0.10641703212854209,0.15517071545299446,0.4279285437028808,1.1678573153788412,1.5340764576278276,1.3385000610351563,0.2511477714636576,0.0
2016-04-04,0.2511477714636576,0.10596514430248997,0.11534797488964205,0.3869475680376731,1.1222638892873262,1.4724792842707357,1.285500030517578,0.20538685457639846,0.0
2016-04-11,0.20538685457639846,0.10585650224219262,0.06972628840484102,0.3410474207479559,1.0722146635005432,1.4064199327660185,1.2280000305175782,0.20985564461695477,0.0
2016-04-18,0.20985564461695477,0.10374052033829505,0.0769068183670013,0.34280447086690824,1.0799414409969728,1.4088932553157134,1.233499984741211,0.2151113796169455,0.0
2016-04-25,0.2151113796169455,0.10175399087362745,0.08470839331243724,0.34551436592145374,1.0883996358056207,1.4127163859825131,1.24,0.20782683480687444,0.0
2016-05-02,0.20782683480687444,0.09989815928670516,0.07980219237797359,0.3358514772357753,1.0830728064280823,1.3991312065441317,1.230999984741211,0.17479327756141733,0.0
2016-05-09,0.17479327756141733,0.09903252632147261,0.04787798841429727,0.3017085667085374,1.049042652158235,1.3521671027724853,1.190999984741211,0.22434284408209207,0.0
2016-05-16,0.22434284408209207,0.0995145600074651,0.0968098039100431,0.35187588425414107,1.101650824014659,1.42173205343321,1.251500015258789,0.2829207323526489,0.0
2016-05-23,0.2829207323526489,0.10060917005997756,0.15398489295414175,0.4118565717511561,1.166473264680229,1.5096178989486577,1.326999969482422,0.20007962420750341,0.0
2016-05-31,0.20007962420750341,0.10451447574765887,0.06613893419101802,0.3340203142239888,1.068375140691079,1.39657151355289,1.2215000152587892,0.19515553988105677,0.0
2016-06-07,0.19515553988105677,0.1028825954596675,0.06330618860242809,0.32700489115968545,1.0653529882397645,1.3868082602643677,1.215500030517578,0.2791457183450932,0.0
2016-06-14,0.2791457183450932,0.10638747783417102,0.1428046795723699,0.4154867571178166,1.1535044766737828,1.5151080508600216,1.3219999694824218,0.3008451041558226,0.0
2016-06-21,0.3008451041558226,0.10508046395695948,0.16617907106362823,0.435511137248017,1.180784527133814,1.545752948971487,1.3510000610351562,0.32570013963930183,0.0
2016-06-28,0.32570013963930183,0.10390656579381065,0.19253851757588078,0.45886176170272286,1.2123231985589444,1.5822719570821888,1.385,0.3285840198304086,0.0
2016-07-06,0.3285840198304086,0.10245326517803612,0.1972848774463403,0.4598831622144769,1.2180909979363193,1.5838889161097,1.3889999389648438,0.35030467543206645,0.0
2016-07-13,0.35030467543206645,0.1012871353395573,0.22049998856812897,0.4801093622960039,1.2466999104861163,1.616251149464598,1.419499969482422,0.37980534045373016,0.0
2016-07-20,0.37980534045373016,0.10037837492706057,0.2511652769191328,0.5084454039883275,1.2855225339780918,1.6627043511654456,1.461999969482422,0.3852624007906449,0.0
2016-07-27,0.3852624007906449,0.09908417545383376,0.2582809206170884,0.5122438809642014,1.2947024761609454,1.669032105667632,1.47,0.3450071174580345,0.0
2016-08-03,0.3450071174580345,0.09906143972533904,0.21805477429292416,0.47195946062314476,1.2436551860869338,1.6031323924210243,1.411999969482422,0.33932526213128483,0.0
2016-08-10,0.33932526213128483,0.09789291946362898,0.21387043793693963,0.46478008632563006,1.238462186682458,1.5916641216908665,1.4039999389648437,0.3267825420526661,0.0
2016-08-17,0.3267825420526661,0.09686375062074946,0.20264665080012287,0.4509184333052093,1.2246396663406593,1.569753237287975,1.3864999389648438,0.300474916847777,0.0
2016-08-24,0.300474916847777,0.09622348117286096,0.17715956390854565,0.42379026978700834,1.1938215687658345,1.52774114670542,1.350500030517578,0.3517126091717682,0.0
2016-08-31,0.3517126091717682,0.09653578465969537,0.2279970232100592,0.4754281951334772,1.256081586335748,1.6087028887763153,1.4214999389648437,0.3777512277070931,0.0
2016-09-08,0.3777512277070931,0.09575933035227543,0.2550307079786319,0.5004717474355542,1.290501248949215,1.6494992342182442,1.4589999389648438,0.4298324447011703,0.0
2016-09-15,0.4298324447011703,0.09602998224742317,0.306765070612765,0.5528998187895756,1.3590216564406197,1.7382864320029958,1.536999969482422,0.38933576753001176,0.0
2016-09-22,0.38933576753001176,0.0961073188998073,0.26616928253366956,0.512502252526354,1.3049559462391047,1.6694633918136945,1.4760000610351562,0.43986653482549676,0.0
2016-09-29,0.43986653482549676,0.09627632009423791,0.3164834660838531,0.5632496035671404,1.372293552662115,1.7563707454023514,1.5525,0.4064645677917924,0.0
2016-10-06,0.4064645677917924,0.09604115991457655,0.2833828689465475,0.5295462666370373,1.3276133664540988,1.698161621205233,1.5014999389648438,0.38117237384843844,0.0
2016-10-14,0.38117237384843844,0.0955106334532721,0.2587705720202411,0.5035741756766358,1.2953365842783582,1.654624633707163,1.4639999389648437,0.4408322126692926,0.0
2016-10-21,0.4408322126692926,0.09617603192611796,0.3175776683865087,0.5640867569520766,1.3737959412359777,1.7578417127438046,1.5539999389648438,0.44532668063333025,0.0
2016-10-28,0.44532668063333025,0.09471834911251516,0.3239402320423864,0.5667131292242741,1.3825646715833364,1.7624645274359478,1.5610000610351562,0.5038010088290262,0.0
2016-11-04,0.5038010088290262,0.09499808112260794,0.3820560692426151,0.6255459484154374,1.4652942407680243,1.8692662018273942,1.655,0.5385380979526929,0.0
2016-11-14,0.5385380979526929,0.09309838434522363,0.4192277177453987,0.6578484781599871,1.5207866254642943,1.9306340613503894,1.7135000610351563,0.4811908374975965,0.0
2016-11-21,0.4811908374975965,0.09510174694399674,0.3593130448154911,0.6030686301797019,1.4323451196098667,1.8277187968971738,1.6180000305175781,0.4615302935695359,0.0
2016-11-29,0.4615302935695359,0.0948883906717472,0.3399259279521506,0.5831346591869212,1.4048435270725852,1.7916458365867576,1.5864999389648438,0.40479817840321086,0.0
2016-12-06,0.40479817840321086,0.09537010469487534,0.2825764714253409,0.5270198853810808,1.326543213868457,1.6938768323000317,1.4989999389648438,0.3217210925530012,0.0
2016-12-13,0.3217210925530012,0.09602414768138508,0.19866119576183622,0.44478098934416616,1.2197686331019002,1.5601484692737,1.379499969482422,0.3285840198304086,0.0
2016-12-20,0.3285840198304086,0.0950056194482373,0.20682941949098554,0.4503386201698316,1.2297727786214,1.5688433375530941,1.3889999389648438,0.3636009464391874,0.0
2016-12-28,0.3636009464391874,0.09449012321597573,0.2425069811032515,0.48469491177512325,1.2744401461306103,1.623679567754356,1.4385000610351562,0.28893129185221283,0.0
2017-01-05,0.28893129185221283,0.09639714234518951,0.16539338316570953,0.41246920053871616,1.179857163377741,1.510543017680019,1.335,0.3629054936893685,0.0
2017-01-12,0.3629054936893685,0.09891187757850274,0.23614482212768242,0.48966616525105455,1.266357693503157,1.6317713870270325,1.4375,0.4027949203511859,0.0
2017-01-20,0.4027949203511859,0.09913172024580175,0.27575250907504933,0.5298373316273225,1.3175217489974107,1.698655968541123,1.4960000610351563,0.4265740513983091,0.0
2017-01-27,0.4265740513983091,0.09917892857900669,0.299471140208847,0.5536769625877712,1.3491451102684817,1.739637855580324,1.5319999694824218,0.4213384172151386,0.0
2017-02-03,0.4213384172151386,0.0980401734502041,0.2956948794437654,0.5469819549865118,1.3440599939277083,1.7280298680549597,1.5239999389648438,0.38014730012387443,0.0
2017-02-10,0.38014730012387443,0.09906877202251622,0.2531855602418377,0.5071090400059112,1.288122278940897,1.6604838569818254,1.4625,0.3767226392425104,0.0
2017-02-17,0.3767226392425104,0.09844132764735501,0.25056500168175366,0.5028802768032672,1.2847510981939154,1.653476889793143,1.4575,0.39068984317389766,0.0
2017-02-27,0.39068984317389766,0.09805281530053166,0.26503010421944573,0.5163495821283496,1.3034702151411282,1.6758987392538505,1.4780000305175782,0.33002295681992194,0.0
2017-03-06,0.33002295681992194,0.09604184980556847,0.2069403738437963,0.4531055397960476,1.2299092348342218,1.5731902119269878,1.3910000610351563,0.3339690626972888,0.0
2017-03-13,0.3339690626972888,0.09583250476185341,0.2111547661896752,0.45678335920490243,1.2351034925315976,1.5789867742430665,1.3964999389648438,0.3400373027857091,0.0
2017-03-20,0.3400373027857091,0.09543465656607855,0.21773286925623986,0.46234173631517833,1.2432549116472695,1.5877878152795597,1.405,0.36464311358790924,0.0
2017-03-27,0.36464311358790924,0.09455785292528371,0.24346234913697584,0.48582387803884264,1.2756582873010334,1.6255136823413794,1.44,0.33074153998868017,0.0
2017-04-03,0.33074153998868017,0.09429641925788129,0.2098958162634924,0.4515872637138679,1.2335495374619025,1.5708034871675407,1.3919999694824219,0.3209959957582142,0.0
2017-04-10,0.3209959957582142,0.09163920540221476,0.20355562860974266,0.43843636290668575,1.2257533426990113,1.5502812450747256,1.3785000610351563,0.33540027730317734,0.0
2017-04-18,0.33540027730317734,0.09080917673305568,0.21902363469511354,0.45177691991124114,1.244860698242907,1.5711014280360105,1.3985000610351563,0.3569748562359336,0.0
2017-04-25,0.3569748562359336,0.08975911937826296,0.24194391627481604,0.4720057961970512,1.2737227556959927,1.6032066762014525,1.4289999389648438,0.2615946907021979,0.0
2017-05-02,0.2615946907021979,0.09478880749055969,0.14011794606656536,0.3830714353378304,1.1504094771284776,1.4667828064512884,1.2989999389648437,0.29266961396282004,0.0
2017-05-09,0.29266961396282004,0.09523963219311596,0.17061511422384035,0.41472411370179973,1.1860341734792206,1.5139530041808353,1.34,0.2836740740343458,0.0
2017-05-16,0.2836740740343458,0.09525656565918943,0.16159787318540958,0.405750274883282,1.1753874914468248,1.5004278111585416,1.328000030517578,0.2565783274004471,0.0
2017-05-23,0.2565783274004471,0.09506337382199403,0.13474971185291906,0.37840694294797517,1.1442503562065733,1.459956941187451,1.2925,0.2642854946453849,0.0
2017-05-31,0.2642854946453849,0.09387102641088858,0.14398493378923213,0.3845860555015377,1.1548667089285956,1.469006108569793,1.3025,0.2573517698299962,0.0
2017-06-07,0.2573517698299962,0.09209695764090403,0.1393247695834009,0.3753787700765915,1.1494973611674948,1.4555426262123952,1.2935000610351564,0.22912562299175726,0.0
2017-06-14,0.22912562299175726,0.08880761331664452,0.11531408711353197,0.34293715886998255,1.1222258589042957,1.409080210951417,1.2575,0.22753392392261354,0.0
2017-06-21,0.22753392392261354,0.08879345433034025,0.11374053351545302,0.34132731432977403,1.1204613649931154,1.406813635773443,1.255500030517578,0.17689015401183847,0.0
2017-06-28,0.17689015401183847,0.08617649022285638,0.06645053805359792,0.28732976997007903,1.0687081023849836,1.3328636794260404,1.1934999847412109,0.20497958068653863,0.0
2017-07-06,0.20497958068653863,0.08637109339676857,0.09429057072611097,0.3156685906469663,1.098879001601153,1.3711757598466603,1.2275,0.23704645648320125,0.0
2017-07-13,0.23704645648320125,0.08661824823748836,0.12604070484971722,0.34805220811668525,1.134328340007922,1.4163061904887082,1.2675,0.2573517698299962,0.0
2017-07-20,0.2573517698299962,0.08687680518208356,0.14601466413938374,0.36868887552060864,1.1572131574614126,1.4458376981889305,1.2935000610351564,0.30010459245033816,0.0
2017-07-27,0.30010459245033816,0.08766605571024262,0.18775602150975657,0.41245316339091975,1.2065391098463207,1.510518793072639,1.35,0.30711696264273963,0.0
2017-08-03,0.30711696264273963,0.08717583064270278,0.19539664040493293,0.41883728488054633,1.2157931235427286,1.5201929762829018,1.359499969482422,0.337899766845224,0.0
2017-08-10,0.337899766845224,0.087723076964651,0.22547812022678604,0.45032141346366195,1.2529216201755844,1.5688163431590014,1.401999969482422,0.32570013963930183,0.0
2017-08-17,0.32570013963930183,0.08691711366862552,0.21431137654465682,0.43708890273394685,1.2390083928876163,1.548193709591757,1.385,0.2503695138094685,0.0
2017-08-24,0.2503695138094685,0.08996414105267443,0.1350758280005383,0.36566319961839866,1.1446235755777754,1.441469673353091,1.284499969482422,0.23665187725251544,0.0
2017-08-31,0.23665187725251544,0.08997874663963575,0.1213394736307493,0.35196428087428155,1.1290081158041503,1.421857735296323,1.2669999694824219,0.2480312191940858,0.0
2017-09-08,0.2480312191940858,0.08972819107791867,0.13303991544469407,0.36302252294347753,1.1422955926574823,1.4376682393970555,1.2814999389648438,0.2577381489108899,0.0
2017-09-15,0.2577381489108899,0.0882696937941057,0.1446159846389113,0.37086031318286855,1.155595718543407,1.448980655753549,1.2939999389648438,0.3364722366212129,0.0
2017-09-22,0.3364722366212129,0.09135784279628391,0.21939245016085776,0.45355202308156806,1.2453199067975191,1.573892771890527,1.4,0.29602217402869485,0.0
2017-09-29,0.29602217402869485,0.09061013107812342,0.17990061869132434,0.41214372936606536,1.1970983880055432,1.5100514594710677,1.3444999694824218,0.24725065048999098,0.0
2017-10-06,0.24725065048999098,0.09098522540362924,0.13064839243254156,0.3638529085474404,1.139567030471065,1.438862554208611,1.2805000305175782,0.26236426446749106,0.0
2017-10-13,0.26236426446749106,0.08960488807743978,0.1475309798713994,0.3771975490635827,1.1589691889900258,1.4581923454520276,1.3,0.23467676299377568,0.0
2017-10-20,0.23467676299377568,0.08943474888129913,0.1200615205508586,0.34929200543669275,1.1275662179404826,1.4180632120582433,1.264499969482422,0.22514155397688276,0.0
2017-10-27,0.22514155397688276,0.08918806871156199,0.11084244489168112,0.3394406630620844,1.1172188694470344,1.4041619712137992,1.2525,0.23586231166922836,0.0
2017-11-03,0.23586231166922836,0.08708340928675123,0.12426043216483112,0.3474641911736256,1.1323107227358542,1.4154736232579488,1.265999984741211,0.2147080478722299,0.0
2017-11-10,0.2147080478722299,0.08720291673134668,0.10295301341511714,0.3264630823293427,1.1084393260739336,1.3860570788197102,1.2394999694824218,0.2433382825257014,0.0
2017-11-17,0.2433382825257014,0.08556785867631773,0.13367865927876726,0.3529979057726355,1.1430254599982979,1.4233281626576937,1.275500030517578,0.21349719891311345,0.0
2017-11-27,0.21349719891311345,0.08496807421952365,0.1046062303757731,0.3223881674504538,1.1102733323550877,1.3804205062824604,1.2380000305175782,0.22753392392261354,0.0
2017-12-04,0.22753392392261354,0.08363224284977633,0.12035489216847647,0.33471295567675063,1.1278970623936244,1.3975391719563979,1.255500030517578,0.23704645648320125,0.0
2017-12-11,0.23704645648320125,0.08361594568192048,0.12988831039004378,0.3442046025763587,1.1387011951296133,1.4108672730576461,1.2675,0.17395330712343798,0.0
2017-12-18,0.17395330712343798,0.08402911630236296,0.06626566157481543,0.2816409526720605,1.068510541656897,1.3253027881260862,1.19,0.1701646522656914,0.0
2017-12-26,0.1701646522656914,0.08026715868010442,0.06729814939738674,0.2730311551339961,1.0696143355082453,1.3139411802005945,1.185500030517578,0.20048883577593515,0.0
2018-01-03,0.20048883577593515,0.08087472761105352,0.0968437019929964,0.3041339695588739,1.1016881684986266,1.3554506330498926,1.221999969482422,0.2515366732766678,0.0
2018-01-10,0.2515366732766678,0.081751113512401,0.14676840576983596,0.3563049407834996,1.1580857259978032,1.4280429504107044,1.2860000610351563,0.2147080478722299,0.0
2018-01-18,0.2147080478722299,0.07926466495759234,0.11312629240345923,0.3162898033410006,1.1197733428857002,1.3720278162611583,1.2394999694824218,0.19144645197079901,0.0
2018-01-25,0.19144645197079901,0.07585781450367608,0.09423075103482104,0.288662152906777,1.0988132689645846,1.3346407478543836,1.210999984741211,0.21228482031964033,0.0
2018-02-01,0.21228482031964033,0.07501987951130151,0.11614297628496459,0.3084266643543161,1.1231564453898932,1.361281675416314,1.236500015258789,0.19392070520632546,0.0
2018-02-08,0.19392070520632546,0.07464573965144555,0.09825834069478076,0.2895830697178702,1.1032477620897208,1.3358704070758722,1.214000015258789,0.20579390055843003,0.0
2018-02-15,0.20579390055843003,0.07481695763013793,0.10991211137824272,0.30167568973861736,1.1161799666289292,1.352122648346088,1.228499984741211,0.19679957597460782,0.0
2018-02-23,0.19679957597460782,0.0739146688803271,0.10207411635431386,0.2915250355949018,1.1074655499953188,1.3384671423921637,1.2175,0.17772766223531486,0.0
2018-03-02,0.17772766223531486,0.07407165168825161,0.08280102105176167,0.27265430341886804,1.086325631110049,1.313446112502673,1.1944999694824219,0.1852339655623114,0.0
2018-03-09,0.1852339655623114,0.07394647462291166,0.09046774524281488,0.2800001858818079,1.0946861982346836,1.3231300582832215,1.203499984741211,0.17269199497941648,0.0
2018-03-16,0.17269199497941648,0.07180243106869513,0.08067347703342198,0.264710512925411,1.0840168823647716,1.303053703968553,1.188499984741211,0.15657628094754478,0.0
2018-03-23,0.15657628094754478,0.07188090336987844,0.06445719670111692,0.24869536519397262,1.0665799241283074,1.2823513247140876,1.169499969482422,0.15871166511593138,0.0
2018-04-02,0.15871166511593138,0.071840387719603,0.06664450376454308,0.2507788264673197,1.068915415216996,1.2850258391941634,1.171999969482422,0.1518623624181713,0.0
2018-04-09,0.1518623624181713,0.07129453615327314,0.060494737996168,0.2432299868401746,1.0623620074026634,1.2753619068466175,1.164000015258789,0.17100780975401741,0.0
2018-04-16,0.17100780975401741,0.07101707717751429,0.07999576331677226,0.26201985619126256,1.0832824781405304,1.2995523463331418,1.186500015258789,0.13321884378622278,0.0
2018-04-23,0.13321884378622278,0.0718034875768598,0.04119897187053585,0.22523871570190973,1.0420594254324704,1.2526217009728386,1.1425,0.1570037488096647,0.0
2018-04-30,0.1570037488096647,0.07209256802461672,0.06461340539358654,0.24939409222574285,1.0667465461972387,1.2832476513562519,1.17,0.1877236187301014,0.0
2018-05-07,0.1877236187301014,0.0724583994386865,0.09486444349259673,0.2805827939676061,1.0995097993153378,1.3239011491538168,1.206500015258789,0.16720789316531215,0.0
2018-05-14,0.16720789316531215,0.0666092787226482,0.08184466773850571,0.25257111859211856,1.0852872166181775,1.287331046070893,1.181999969482422,0.1279533777365839,0.0
2018-05-21,0.1279533777365839,0.06677453385622288,0.04237836933463056,0.21352838613853725,1.0432891527023298,1.238038640905677,1.136500015258789,0.18398681072401546,0.0
2018-05-29,0.18398681072401546,0.06921806190509733,0.09528029512557491,0.272693326322456,1.099967127344572,1.3134973679837516,1.201999969482422,0.1844027229977791,0.0
2018-06-05,0.1844027229977791,0.06876113100981646,0.09628178790353145,0.2725236580920267,1.1010692882895892,1.3132745281146099,1.2025,0.17772766223531486,0.0
2018-06-12,0.17772766223531486,0.06871923790403198,0.08966041531637084,0.26579490915425885,1.0938027819589646,1.3044674969084473,1.1944999694824219,0.15999072330613823,0.0
2018-06-19,0.15999072330613823,0.06888190794587697,0.07171500634040055,0.2482664402718759,1.0743491177428535,1.2818014102164814,1.1734999847412109,0.13190505750676662,0.0
2018-06-26,0.13190505750676662,0.06887665218313144,0.04363607607200361,0.22017403894152965,1.0446021299958306,1.2462936153352855,1.140999984741211,0.13802132448063056,0.0
2018-07-03,0.13802132448063056,0.06892115806588701,0.049695306462146205,0.22634734249911492,1.0509508296605028,1.254011161011304,1.1480000305175782,0.08019652791140719,0.0
2018-07-11,0.08019652791140719,0.06945480030116666,-0.008813380149140529,0.1692064359719549,0.9912253438391057,1.1843646091486155,1.083499984741211,0.08801084937621276,0.0
2018-07-18,0.08801084937621276,0.06887985150881376,-0.00026223215938711575,0.17628393091181263,0.9997378022204604,1.1927766767457397,1.0919999694824218,0.044973351054978586,0.0
2018-07-25,0.044973351054978586,0.06914804680188377,-0.04364343657832685,0.133590138688284,0.957295233090092,1.142924283187823,1.045999984741211,0.10436001532424286,0.0
2018-08-01,0.10436001532424286,0.0714997757173767,0.012729365817550936,0.19599066483093477,1.01281072906225,1.2165155489029897,1.11,0.07742392520874401,0.0
2018-08-08,0.07742392520874401,0.07039030301396075,-0.012784877817956189,0.16763272823544423,0.9872965015548312,1.1825022312039957,1.080500030517578,0.07557117269891526,0.0
2018-08-15,0.07557117269891526,0.07030446945890022,-0.014527630200920849,0.16566997559875138,0.9855773866549539,1.1801835480768896,1.078499984741211,0.023716541518477203,0.0
2018-08-22,0.023716541518477203,0.0709112862341066,-0.06715992836962338,0.11459301140657778,0.9350456490520924,1.121416940780378,1.0240000152587891,-0.03666396854297218,0.0
2018-08-29,-0.03666396854297218,0.07286833663491747,-0.13004849943608163,0.05672056235013726,0.8780528448200451,1.0583600234327613,0.9640000152587891,-0.01359193805186546,0.0
2018-09-06,-0.01359193805186546,0.07015581524473194,-0.10350023291080941,0.0763163568070785,0.9016758127317877,1.0793039653100618,0.986500015258789,-0.020713072753823968,0.0
2018-09-13,-0.020713072753823968,0.0701059576893528,-0.11055747258461757,0.06913132707696962,0.8953348715016048,1.0715769269736812,0.9794999694824219,-0.03666396854297218,0.0
2018-09-20,-0.03666396854297218,0.06999402423519373,-0.1263649198803514,0.053036982794407043,0.8812931866926623,1.054468641595233,0.9640000152587891,-0.002503130218118477,0.0
2018-09-27,-0.002503130218118477,0.07091867149395668,-0.09338906469754188,0.08838280426130493,0.9108390560278928,1.092406219754294,0.9975,-0.0070245842042578575,0.0
2018-10-04,-0.0070245842042578575,0.06579471372932803,-0.09134390258863702,0.0772947341801213,0.9127037757296689,1.080360448623767,0.9930000305175781,0.06719122100588797,0.0
2018-10-11,0.06719122100588797,0.06951446310335764,-0.021895148012212373,0.1562775900239883,0.9783428108619339,1.1691507026204555,1.0694999694824219,0.12133229868283854,0.0
2018-10-18,0.12133229868283854,0.07039366404862621,0.03111918831690097,0.2115454090487761,1.0316084522344964,1.2355860711430129,1.1290000152587891,0.19926063585503812,0.0
2018-10-25,0.19926063585503812,0.07450258008930175,0.10378173770448149,0.2947395340055947,1.1093582974010732,1.3427765655002422,1.2205000305175782,0.19185927386939924,0.0
2018-11-01,0.19185927386939924,0.07406010770983397,0.09694742688945979,0.2867711208493387,1.1018024469164953,1.332119284250677,1.2115000152587891,0.16381811113565795,0.0
2018-11-08,0.16381811113565795,0.07449457144609317,0.06834947647434315,0.25928674579697275,1.0707394413445503,1.2960053756466379,1.1780000305175782,0.1540078255601782,0.0
2018-11-15,0.1540078255601782,0.07444505568436927,0.058602647900819815,0.24941300321953658,1.0603538232026088,1.2832719190740849,1.166500015258789,0.09576464971502686,0.0
2018-11-23,0.09576464971502686,0.07626747458141124,-0.0019760517349137197,0.19350535116496745,0.9980258993699428,1.2134958801507676,1.100500030517578,0.0690595501720816,0.0
2018-11-30,0.0690595501720816,0.07599797767419239,-0.028335777094503245,0.16645487743866644,0.9720619158711532,1.1811102399487148,1.071500015258789,0.03198304585305074,0.0
2018-12-10,0.03198304585305074,0.07627783037230046,-0.06577092707691638,0.12973701878301785,0.9363453310884211,1.138528932227174,1.0325,0.004489874891987408,0.0
2018-12-17,0.004489874891987408,0.07642917982314243,-0.09345806016365056,0.10243780994762537,0.9107762144305898,1.1078684013734572,1.004499969482422,-0.05445621802159067,0.0
2018-12-24,-0.05445621802159067,0.07814593301264282,-0.15460426081488654,0.0456918247717052,0.8567541615982943,1.0467517782775522,0.9469999694824218,0.021761461920868194,0.0
2019-01-02,0.021761461920868194,0.0800161116329195,-0.0807833112110913,0.12430623505282769,0.922393542130666,1.132362587024823,1.0219999694824218,-0.005012541823544286,0.0
2019-01-09,-0.005012541823544286,0.0803570979796187,-0.10799430654194546,0.09796922289485689,0.8976327070500523,1.102928839629276,0.995,0.05164326213339376,0.0
2019-01-16,0.05164326213339376,0.08184064285404381,-0.0532397418413826,0.1565262661081701,0.9481526733642135,1.169441478592018,1.0530000305175782,0.023716541518477203,0.0
2019-01-24,0.023716541518477203,0.08039147389416049,-0.07930927770702205,0.12674236074397646,0.9237541836849588,1.1351245274658603,1.0240000152587891,0.05164326213339376,0.0
2019-01-31,0.05164326213339376,0.08033677259587356,-0.05131245455764855,0.15459897882443607,0.949981798012784,1.167189799414556,1.0530000305175782,0.057325081027946416,0.0
2019-02-07,0.057325081027946416,0.08012696174338116,-0.045361752236616,0.16001191429250883,0.9556517101514579,1.17352485262688,1.059000015258789,0.04210120527805795,0.0
2019-02-14,0.04210120527805795,0.07987358752812508,-0.06026091586427442,0.1444633264203903,0.9415188443305313,1.155419320824307,1.0430000305175782,-0.021734507740067657,0.0
2019-02-22,-0.021734507740067657,0.08193386688994929,-0.12673698312400505,0.08326796764386975,0.8809653508826208,1.0868330056105935,0.9784999847412109,-0.036145478277181266,0.0
2019-03-01,-0.036145478277181266,0.08183533354164536,-0.14102167809434143,0.06873072153997889,0.8684704847085017,1.0711477332978454,0.9644999694824219,-0.030974835777077367,0.0
2019-03-08,-0.030974835777077367,0.0818795215706186,-0.1359076648319465,0.07395799327779178,0.8729232302808225,1.0767615733219038,0.9694999694824219,-0.048140343305293175,0.0
2019-03-15,-0.048140343305293175,0.0818481136217022,-0.15303292145405797,0.05675223484347162,0.8581014713982063,1.0583935448643995,0.9530000305175781,-0.05551272606005706,0.0
2019-03-22,-0.05551272606005706,0.08176691850646564,-0.16030124848177585,0.04927579636166173,0.8518871206059485,1.0505100376371652,0.9459999847412109,-0.06293978352383267,0.0
2019-03-29,-0.06293978352383267,0.08173377030527426,-0.16768582481641967,0.041806257768754324,0.8456194656059979,1.042692445619303,0.9390000152587891,-0.05657035148839435,0.0
2019-04-05,-0.05657035148839435,0.08171872017876673,-0.16129710526779398,0.04815640229100528,0.8510391853171043,1.0493347608515244,0.945,-0.07042249704072889,0.0
2019-04-12,-0.07042249704072889,0.0817495121166225,-0.17518871227629373,0.03434371819483595,0.8392986198705344,1.0349402734025996,0.9319999694824219,-0.10092590171076929,0.0
2019-04-22,-0.10092590171076929,0.08214689649941871,-0.2062013855242296,0.004349582102691013,0.81366919858407,1.0043590552647106,0.904000015258789,-0.09321239847167294,0.0
2019-04-29,-0.09321239847167294,0.08189545988993278,-0.19816565330461133,0.011740856361265442,0.8202339674159254,1.0118100507506158,0.9109999847412109,-0.090471919867731,0.0
2019-05-06,-0.090471919867731,0.08127044232095978,-0.19462418245665913,0.013680342721197156,0.8231439518711653,1.0137743467898335,0.913499984741211,-0.11878350162332553,0.0
2019-05-13,-0.11878350162332553,0.08111069902406431,-0.22273104494003204,-0.014835958306619018,0.8003300731733056,0.9852735522890519,0.8880000305175781,-0.12499649017468527,0.0
2019-05-20,-0.12499649017468527,0.08030709997763201,-0.22791417987536633,-0.02207880047400422,0.7961925862505055,0.9781631522941168,0.8825,-0.12499649017468527,0.0
2019-05-28,-0.12499649017468527,0.08019578794380024,-0.22777152776414525,-0.022221452585225288,0.7963061729053681,0.9780236252074768,0.8825,-0.040301265000930536,0.0
2019-06-04,-0.040301265000930536,0.08420903829819475,-0.14821948986498723,0.06761695986312616,0.862241840825701,1.0699553941163482,0.9605000305175782,0.05496157251674671,0.0
2019-06-11,0.05496157251674671,0.08772136577393191,-0.05745788112254626,0.16738102615603967,0.9441616565780726,1.1822046303884444,1.0565000152587891,-0.030459207484708574,0.0
2019-06-18,-0.030459207484708574,0.0914042239155125,-0.14759843374102283,0.08668001877160567,0.8627775077236701,1.0905476691000513,0.97,-0.05868896398645518,0.0
2019-06-25,-0.05868896398645518,0.09170689116139391,-0.17621607392556782,0.05883814595265746,0.8384367994326263,1.0606035638677975,0.9430000305175781,0.0625051766829345,1.0
2019-07-02,0.0625051766829345,0.09953277813314843,-0.06505121095660522,0.19006156432247423,0.9370194764849381,1.2093240465811088,1.064499969482422,0.07927318089450788,0.0
2019-07-10,0.07927318089450788,0.09934636489784922,-0.048044308571495914,0.20659067036051168,0.9530915560165607,1.2294792064862643,1.0825,0.04258043291241677,0.0
2019-07-17,0.04258043291241677,0.09993036316121941,-0.08548548044228442,0.17064634626711794,0.9180664728765268,1.1860712163283142,1.043499984741211,0.057797069922461565,0.0
2019-07-24,0.057797069922461565,0.09847431877413186,-0.06840284746846517,0.1839969873133883,0.9338841849091034,1.202012201804779,1.0594999694824219,0.009950330853168092,0.0
2019-07-31,0.009950330853168092,0.09952439194041675,-0.11759530944794738,0.13749597115428358,0.8890557722934253,1.1473970832769362,1.01,-0.003506124016905359,0.0
2019-08-07,-0.003506124016905359,0.0987335993196732,-0.13003832279688585,0.12302607476307512,0.8780617804925092,1.1309139088752747,0.9965000152587891,-0.03149065134442657,0.0
2019-08-14,-0.03149065134442657,0.09720583812028438,-0.15606494536755203,0.09308364267869887,0.8555036275692302,1.097553533746471,0.9690000152587891,-0.05709962435140247,0.0
2019-08-21,-0.05709962435140247,0.09717414705926145,-0.1816333046456602,0.06743405594285526,0.8339070742067918,1.0697597129762186,0.9444999694824219,-0.07418491462318286,0.0
2019-08-28,-0.07418491462318286,0.09727760507658896,-0.1988511817015148,0.05048135245514909,0.8196718664292644,1.05177725010869,0.928499984741211,-0.05975003680235421,0.0
2019-09-05,-0.05975003680235421,0.09617115347187219,-0.18299832909446204,0.06349825548975363,0.8327695472151767,1.065557626923647,0.9419999694824219,-0.08121008852486925,0.0
2019-09-12,-0.08121008852486925,0.09458331076473257,-0.20242347850980374,0.04000330146006524,0.8167489790559129,1.040814210393267,0.9219999694824219,0.003493874048686095,0.0
2019-09-19,0.003493874048686095,0.09798169934060942,-0.12207472613599224,0.12906247423336442,0.8850822272565397,1.1377612027043107,1.003499984741211,-0.01663765666780641,0.0
2019-09-26,-0.01663765666780641,0.09816157111434157,-0.1424367718057085,0.10916145847009566,0.8672423867288847,1.1153424172847177,0.9834999847412109,0.00846406328194668,0.0
2019-10-03,0.00846406328194668,0.09832962756430497,-0.11755042486250583,0.1344785514263992,0.8890956780887699,1.1439401228553436,1.0084999847412108,0.02029273317229722,0.0
2019-10-10,0.02029273317229722,0.09783089911338798,-0.105082608745101,0.14566807508969543,0.9002501509791859,1.156812149549371,1.0205000305175782,-0.06720874969344999,0.0
2019-10-17,-0.06720874969344999,0.10155623768618185,-0.1973583050909959,0.06294080570409592,0.8208964492350376,1.0649637975833097,0.935,-0.07364652374333736,0.0
2019-10-24,-0.07364652374333736,0.09872773817877736,-0.2001712111690269,0.05287816368235218,0.8185905892277798,1.0543011851198814,0.9290000152587891,-0.036145478277181266,0.0
2019-10-31,-0.036145478277181266,0.09791988876640166,-0.16163486502371643,0.08934390846935392,0.8507517870681047,1.093456640670122,0.9644999694824219,0.019312281098504618,0.0
2019-11-07,0.019312281098504618,0.0963335879221873,-0.10414417931770291,0.14276874151471214,0.9010953687394654,1.1534630227082834,1.0194999694824218,0.08709469286487578,0.0
2019-11-14,0.08709469286487578,0.09882097037810149,-0.03954947643181675,0.21373886216156832,0.9612223949597973,1.2382992457797501,1.0909999847412108,0.07742392520874401,0.0
2019-11-21,0.07742392520874401,0.09851032970843276,-0.04882214205141276,0.20366999246890077,0.9523504977421965,1.2258935325978344,1.080500030517578,0.1419334958886666,0.0
2019-11-29,0.1419334958886666,0.10058148806931491,0.013033132388630547,0.27083385938870264,1.013118433837416,1.3110572324391812,1.1525,0.1701646522656914,0.0
2019-12-06,0.1701646522656914,0.09925742409810612,0.04296114502083917,0.29736815951054363,1.0438973334534742,1.3463108653680804,1.185500030517578,0.2126890687397134,0.0
2019-12-13,0.2126890687397134,0.09965413844470888,0.0849771516028984,0.34040098587652845,1.0886921915427072,1.405511067670303,1.2369999694824219,0.2581244966346554,0.0
2019-12-20,0.2581244966346554,0.09970477635927984,0.1303476843991461,0.3859013088701647,1.139224405028103,1.4709394949703989,1.294499969482422,0.2677344112927517,0.0
2019-12-30,0.2677344112927517,0.09920563001182708,0.14059728084025633,0.3948715417452471,1.1509610405760584,1.4841935217651412,1.306999969482422,0.27876740887593554,0.0
2020-01-07,0.27876740887593554,0.0971305513025966,0.15428959879188275,0.4032452189599883,1.1668287500500292,1.4966738594752733,1.3214999389648439,0.2021241965564652,0.0
2020-01-14,0.2021241965564652,0.09792209348524084,0.07663198434905011,0.3276164087638803,1.079644677133862,1.3876565772831215,1.224000015258789,0.1388920121466787,0.0
2020-01-22,0.1388920121466787,0.09966312029755507,0.011168584302287177,0.26661543999107024,1.0112311857795002,1.3055382919653828,1.1490000152587891,0.10436001532424286,0.0
2020-01-29,0.10436001532424286,0.0988370113370294,-0.02230471128847661,0.23102474193696232,0.9779421996184343,1.2598904111927383,1.11,0.02029273317229722,0.0
2020-02-05,0.02029273317229722,0.10193323613743491,-0.11033996518065992,0.15092543152525434,0.895529634645623,1.1629099384282091,1.0205000305175782,-0.02275698712261618,0.0
2020-02-12,-0.02275698712261618,0.1023972825359032,-0.1539843848640157,0.10847041061878335,0.857285407535157,1.1145719285567275,0.9775,0.00647898125795647,0.0
2020-02-20,0.00647898125795647,0.10281730719578078,-0.12528669974387646,0.13824466225978943,0.8822439272143724,1.148256450927985,1.006500015258789,0.035367129108730314,0.0
2020-02-27,0.035367129108730314,0.10312750091913209,-0.09679608114488562,0.16753033936234624,0.9077410927856833,1.1823811623312654,1.035999984741211,0.07881115221950365,0.0
2020-03-05,0.07881115221950365,0.10198938602857048,-0.051893505114343444,0.20951580955335075,0.9494299708954512,1.2330808694145163,1.0819999694824218,0.09394559895195963,0.0
2020-03-12,0.09394559895195963,0.10193666217269128,-0.036691490041843924,0.2245826879457632,0.9639734848985361,1.2518002158570296,1.098499984741211,0.0875529109875124,0.0
2020-03-19,0.0875529109875124,0.10197003802734286,-0.04312695088507128,0.21823277286009607,0.9577897900870177,1.2438765746309506,1.091500015258789,0.1540078255601782,0.0
2020-03-26,0.1540078255601782,0.10368901049956006,0.021125011824696505,0.2868906392956599,1.0213497244497636,1.3322785065926592,1.166500015258789,0.22033963622278235,0.0
2020-04-02,0.22033963622278235,0.10540883797860685,0.0852527748890616,0.35542649755650313,1.088992301818951,1.4267890465753543,1.246500015258789,0.17689015401183847,0.0
2020-04-09,0.17689015401183847,0.10642237592515752,0.040504391535976875,0.31327591648770003,1.0413358827564692,1.3678989048247328,1.1934999847412109,0.17058628770977566,0.0
2020-04-17,0.17058628770977566,0.10647440415849503,0.034133848370027836,0.3070387270495235,1.0347230934592893,1.3593936123563428,1.185999984741211,0.14885097302927644,0.0
2020-04-24,0.14885097302927644,0.10663460041813873,0.012193233922187852,0.28550871213636503,1.0122678744602702,1.33043866629609,1.160500030517578,0.05069308530641295,0.0
2020-05-01,0.05069308530641295,0.11077739102146958,-0.09127385358409776,0.19266002419692366,0.9127677119599065,1.21247051280406,1.0519999694824218,0.04353827279707942,0.0
2020-05-08,0.04353827279707942,0.11081019640046495,-0.09847070787824108,0.18554725347239992,0.9062222373976109,1.2038770858037395,1.044499969482422,0.09621884388151544,0.0
2020-05-15,0.09621884388151544,0.11189187698607433,-0.04717636624171195,0.23961405400474284,0.9539191436193898,1.2707586114697058,1.1009999847412109,0.04688361501867639,0.0
2020-05-22,0.04688361501867639,0.11266676421453566,-0.09750465304530614,0.1912718830826589,0.9070981207773289,1.2107886002714499,1.048000030517578,0.035367129108730314,0.0
2020-06-01,0.035367129108730314,0.11272212830674332,-0.1090920908942959,0.17982634911175654,0.8966478405944945,1.1970094833130627,1.035999984741211,-0.01714612778962193,0.0
2020-06-08,-0.01714612778962193,0.1140315321170113,-0.16328341629562715,0.12899116071638328,0.8493504345455687,1.1376800678445016,0.9830000305175781,-0.011060931930922417,0.0
2020-06-15,-0.011060931930922417,0.11101295365773442,-0.15332975648672215,0.1312078926248773,0.8578467946202795,1.1402047968423596,0.9890000152587891,-0.06187540371808753,0.0
2020-06-22,-0.06187540371808753,0.10799626067080859,-0.20027818065372502,0.07652737321754996,0.8185030296974538,1.0795317401899027,0.94,-0.041342995340092295,0.0
2020-06-29,-0.041342995340092295,0.10495081512743953,-0.17584287677184435,0.09315688609165977,0.8387497600541258,1.0976339252572285,0.9594999694824219,-0.01359193805186546,0.0
2020-07-07,-0.01359193805186546,0.10492109093975105,-0.1480537264043508,0.12086985030061989,0.8623847808639322,1.128478031732729,0.986500015258789,-0.0075282664207915245,0.0
2020-07-14,-0.0075282664207915245,0.09780912698204659,-0.13287570622918393,0.1178191733876009,0.8755739137290719,1.1250406556822172,0.9925,-0.03355681508786924,0.0
2020-07-21,-0.03355681508786924,0.09793224903960882,-0.15906204216188363,0.09194841198614513,0.8529434388725978,1.0963082642560509,0.9669999694824218,0.004987541511038968,0.0
2020-07-28,0.004987541511038968,0.0981107571116586,-0.12074645286217314,0.1307215358842511,0.8862586394496114,1.139650385385524,1.005,0.09212330279171012,0.0
2020-08-04,0.09212330279171012,0.10172433124193726,-0.038241673165372095,0.22248827874879235,0.9624803071192319,1.2491811775984552,1.0965000152587892,0.19103352260669712,0.0
2020-08-11,0.19103352260669712,0.10499017024272422,0.056483205565339784,0.3255838396480545,1.0581088443111546,1.3848389338782983,1.2105000305175782,0.10750819401183752,0.0
2020-08-18,0.10750819401183752,0.10829468920973677,-0.031277034485066565,0.2462934225087416,0.969207032109126,1.2792748865229808,1.113499984741211,0.17647116869631357,0.0
2020-08-25,0.17647116869631357,0.10981312647454773,0.03573998454550972,0.3172023528471174,1.0363863349899445,1.3732804310168285,1.193000030517578,0.20863884034056634,0.0
2020-09-01,0.20863884034056634,0.10974731596323306,0.0679919957535671,0.3492856849275656,1.07035674104536,1.4180542492050936,1.231999969482422,0.2768738274613658,0.0
2020-09-09,0.2768738274613658,0.11123447652808985,0.13432110992425814,0.4194265449984734,1.1437600333811926,1.5210890293536194,1.3189999389648437,0.2596682789197153,0.0
2020-09-16,0.2596682789197153,0.11145268038408017,0.11683592188935538,0.4025006359500752,1.1239350014291085,1.4955598763260565,1.2964999389648437,0.186894443954375,0.0
2020-09-23,0.186894443954375,0.11380952719239881,0.041041666207065536,0.33274722170168447,1.041895516475419,1.394794680078813,1.205500030517578,0.09984533496971612,0.0
2020-09-30,0.09984533496971612,0.11449940928622121,-0.046891562254972624,0.24658223219440487,0.9541908622859626,1.279644406858792,1.105,0.10390943588480762,0.0
2020-10-07,0.10390943588480762,0.1142895727032715,-0.042558544938493384,0.25037741670810865,0.9583343582525047,1.2845101207955965,1.109499969482422,0.09166717460357092,0.0
2020-10-14,0.09166717460357092,0.11414627101712399,-0.05461715771950258,0.2379515069266444,0.9468475718571535,1.2686476707086665,1.095999984741211,0.09166717460357092,0.0
2020-10-21,0.09166717460357092,0.11410127558381272,-0.05455949375150017,0.23789384295864202,0.9469021724194677,1.2685745175591472,1.095999984741211,0.040661996369671084,0.0
2020-10-28,0.040661996369671084,0.11185339066093998,-0.10268389154332833,0.18400788428267048,0.902412188523894,1.2020253001661851,1.041500015258789,0.04879016416943205,0.0
2020-11-04,0.04879016416943205,0.1118359074554521,-0.09453331811420365,0.19211364645306775,0.9097974213866549,1.2118082268464119,1.05,0.02955880224154443,0.0
2020-11-11,0.02955880224154443,0.11147097403967837,-0.1132969990517869,0.17241460353487575,0.8928854346046705,1.1881703507345474,1.03,0.08709469286487578,0.0
2020-11-18,0.08709469286487578,0.11157184316445425,-0.055890377413227166,0.23007976314297873,0.9456427940178997,1.258700403825836,1.0909999847412108,0.18023605030293324,0.0
2020-11-25,0.18023605030293324,0.11331666380042094,0.03501490240721264,0.3254571981986538,1.035635142141238,1.3846635669731193,1.1975,0.13540463700620298,0.0
2020-12-03,0.13540463700620298,0.11418651397113584,-0.010931268737586541,0.2817405427499925,0.9891282604731392,1.3254347817065555,1.145,0.16254394215492646,0.0
2020-12-10,0.16254394215492646,0.11273117822003974,0.018073124221347187,0.3070147600885057,1.0182374314868492,1.3593610322130527,1.176500015258789,0.1701646522656914,0.0
2020-12-17,0.1701646522656914,0.11241297078950002,0.02610163356288822,0.3142276709684946,1.0264452644616866,1.3692014284797134,1.185500030517578,0.22354349573983723,0.0
2020-12-24,0.22354349573983723,0.11286500890996169,0.07890116687607054,0.36818582460360394,1.0820973697217389,1.4451105511203506,1.2505000305175782,0.23071479258061234,0.0
2021-01-04,0.23071479258061234,0.111981997687224,0.0872040881317386,0.37422549702948604,1.0911193415041023,1.453864955724696,1.2594999694824218,0.2323015011947256,0.0
2021-01-11,0.2323015011947256,0.11193842086324705,0.08884664269284098,0.3757563596966102,1.0929130372735,1.4560923277738185,1.261500015258789,0.19433244433240096,0.0
2021-01-19,0.19433244433240096,0.11246572800576754,0.05020181453649636,0.33846307412830556,1.051483279575178,1.4027899487557611,1.214499969482422,0.2401973178806577,0.0
2021-01-26,0.2401973178806577,0.11085838758439555,0.0981265777181255,0.3822680580431899,1.1031024044571869,1.465604899663554,1.271500015258789,0.219135529916671,0.0
2021-02-02,0.219135529916671,0.10923220275865614,0.07914882946343002,0.359122230369912,1.0823653979450107,1.432071833544284,1.245,0.21026093784850322,0.0
2021-02-09,0.21026093784850322,0.1086898491603672,0.07096929149822817,0.34955258419877827,1.0735482583035754,1.418432777362944,1.234000015258789,0.20660755785298082,0.0
2021-02-17,0.20660755785298082,0.10525025285192881,0.07172393153662643,0.3414911841693352,1.0743587065623352,1.407044188988073,1.2294999694824218,0.22872790533000498,0.0
2021-02-24,0.22872790533000498,0.10435564674103867,0.09499076287560759,0.36246504778440236,1.0996486974873827,1.4368669984233204,1.2569999694824219,0.30490780812226215,0.0
2021-03-03,0.30490780812226215,0.10642645509941204,0.16851681797424853,0.44129879827027574,1.1835481315594782,1.5547251821411479,1.3564999389648438,0.27117147378635625,0.0
2021-03-10,0.27117147378635625,0.10686174995689766,0.1342226308322584,0.4081203167404541,1.143647402477625,1.503988105231097,1.3114999389648438,0.2573517698299962,0.0
2021-03-17,0.2573517698299962,0.10629136384201655,0.12113390609438915,0.39356963356560326,1.1287760522404386,1.4822624953612678,1.2935000610351564,0.28405053216064036,0.0
2021-03-24,0.28405053216064036,0.10647650029563968,0.14759540651305322,0.42050565780822746,1.1590438598880244,1.522731341970892,1.3285000610351563,0.23507212217948348,0.0
2021-03-31,0.23507212217948348,0.10768254803521018,0.09707138416312824,0.37307286019583874,1.1019390318091067,1.4521901428365167,1.265,0.2110709700799406,0.0
2021-04-08,0.2110709700799406,0.10608454661614877,0.07511815328392601,0.3470237868759552,1.078011513960785,1.4148503798406402,1.235,0.24568750381418894,0.0
2021-04-15,0.24568750381418894,0.1046182392562614,0.11161383551080759,0.3797611721175703,1.1180810140848287,1.4619353968023485,1.2784999847412108,0.2829207323526489,0.0
2021-04-22,0.2829207323526489,0.10428720020448672,0.1492713076643258,0.416570157040972,1.1609879314080183,1.5167504083102195,1.326999969482422,0.294905940264539,0.0
2021-04-29,0.294905940264539,0.1042979586426739,0.16124272808291426,0.42856915244616367,1.1749701324515915,1.5350595152634876,1.3430000305175782,0.3464225243094888,0.0
2021-05-06,0.3464225243094888,0.10510701553852947,0.2117224639963657,0.4811225846226118,1.2358048571380815,1.6178896011323745,1.4139999389648437,0.4285303810391604,0.0
2021-05-13,0.4285303810391604,0.10280208133190105,0.2967842127670193,0.5602765493113016,1.345524921019632,1.7511567145218419,1.535,0.3760362555119917,0.0
2021-05-20,0.3760362555119917,0.10437494771961281,0.2422743778582861,0.5097981331656973,1.27414374169076,1.6649550618123776,1.4564999389648436,0.4117784499477452,0.0
2021-05-27,0.4117784499477452,0.1037689183985891,0.27879323011916346,0.544763669776327,1.3215340621767435,1.724200853449278,1.5094999694824218,0.4405104891397677,0.0
2021-06-04,0.4405104891397677,0.10249837400664677,0.30915353746577356,0.5718674408137618,1.3622715141632975,1.7715722706853434,1.5535000610351561,0.4802632804257526,0.0
2021-06-11,0.4802632804257526,0.10279489632440372,0.34852632011121815,0.6120002407402871,1.4169778374469084,1.8441163888501897,1.6164999389648438,0.4539377421765488,0.0
2021-06-18,0.4539377421765488,0.1015832317801771,0.3237535924555829,0.5841218918975147,1.3823066543631655,1.7934154813443013,1.5744999694824218,0.40479817840321086,0.0
2021-06-25,0.40479817840321086,0.1031726964118251,0.27257704779517866,0.5370193090112431,1.3133446453235749,1.7108995913734444,1.4989999389648438,0.4526667095924585,0.0
2021-07-02,0.4526667095924585,0.10219099316899277,0.3217036823121783,0.5836297368727388,1.3794759522648115,1.7925330600654912,1.5725,0.4223222451795547,0.0
2021-07-12,0.4223222451795547,0.1028871820922601,0.2904670158947464,0.554177474464363,1.3370517666672337,1.740508782924569,1.525500030517578,0.43080795545181844,0.0
2021-07-19,0.43080795545181844,0.10271471516858982,0.2991737514230445,0.5624421594805924,1.3487439492956113,1.7549531466230848,1.5385000610351562,0.43986653482549676,0.0
2021-07-26,0.43986653482549676,0.10271181703043053,0.30823604491021794,0.5714970247407756,1.3610222133901244,1.7709161733638232,1.5525,0.7314059073630693,1.0
2021-08-02,0.7314059073630693,0.1345001197695879,0.5590370683064176,0.903774746419721,1.7489875336445755,2.468905034350328,2.078000030517578,0.5469646880424993,1.0
2021-08-09,0.5469646880424993,0.14774719181066195,0.3576190430727271,0.7363103330122716,1.429920778479807,2.088216459546272,1.7280000305175782,0.5841690520215107,0.0
2021-08-16,0.5841690520215107,0.14600650866434417,0.39705418226301914,0.7712839217800023,1.4874365205447797,2.162541005618849,1.7935000610351564,0.6054082495938717,0.0
2021-08-23,0.6054082495938717,0.14330289941960353,0.4217581944955984,0.7890583046921451,1.5246398138077077,2.2013224748484053,1.8319999694824218,0.5875088315780274,0.0
2021-08-30,0.5875088315780274,0.1406147316405715,0.40730380210541905,0.7677138610506357,1.5027605781473705,2.154834367667102,1.7994999694824219,0.6800619100917573,0.0
2021-09-07,0.6800619100917573,0.14178259267837612,0.498360206477812,0.8617636137057026,1.6460199236715292,2.367332073564139,1.9739999389648437,0.6497176226326093,0.0
2021-09-14,0.6497176226326093,0.14213537824008912,0.46756380612974924,0.8318714391354695,1.5961010413332863,2.2976145651384465,1.915,0.6043159668533296,0.0
2021-09-21,0.6043159668533296,0.14181937963465743,0.42256711885797027,0.7860648148486888,1.5258736310620769,2.194742691548457,1.83,0.6062267418181202,0.0
2021-09-28,0.6062267418181202,0.14163255229301494,0.42471732269492946,0.7877361609413109,1.5291581002720056,2.1984139332734403,1.8335000610351562,0.6861225963556874,0.0
2021-10-05,0.6861225963556874,0.14114860728716253,0.5052333777123843,0.8670118149989905,1.6573722690785684,2.379788968367654,1.9860000610351562,0.6518041852198531,0.0
2021-10-12,0.6518041852198531,0.13853155903934045,0.47426884885565207,0.829339521584054,1.6068389257681506,2.291804552834456,1.9189999389648438,0.7568259285882901,0.0
2021-10-19,0.7568259285882901,0.14156752685792573,0.5753998429132381,0.9382520142633421,1.7778412420388583,2.5555105159990608,2.131499938964844,0.7141745477520209,0.0
2021-10-26,0.7141745477520209,0.14240133941231045,0.5316798882925264,0.8966692072115154,1.701788723670957,2.451424311356892,2.0425,0.7328485767412213,0.0
2021-11-02,0.7328485767412213,0.1423651586077279,0.5504002848484822,0.9152968686339603,1.7339469516653607,2.497516576195747,2.0810000610351564,0.7326082641092453,0.0
2021-11-09,0.7326082641092453,0.14101488540272325,0.5518904169562929,0.9133261112621976,1.7365326877569964,2.4925994238407068,2.080500030517578,0.7222203984025455,0.0
2021-11-16,0.7222203984025455,0.14119831666568353,0.5412674746273765,0.9031733221777145,1.718183236301207,2.467420621437157,2.0589999389648437,0.7977324094935813,0.0
2021-11-23,0.7977324094935813,0.14213452373395136,0.6155796880843998,0.9798851309027627,1.8507291342870893,2.664150195824235,2.220500030517578,0.8860377012851082,0.0
2021-12-01,0.8860377012851082,0.14335709756709797,0.7023181884660638,1.0697572141041527,2.018426380905339,2.9146717728699163,2.4255000305175782,0.8510052521449627,0.0
2021-12-08,0.8510052521449627,0.14204302416764963,0.6689697921482218,1.0330407121417036,1.952225086691557,2.80959603195708,2.341999969482422,0.8950670954225283,0.0
2021-12-15,0.8950670954225283,0.14117286692585138,0.7141467868012839,1.0759874040437727,2.0424432990451593,2.932887416164962,2.4475,0.8645762704776375,0.0
2021-12-22,0.8645762704776375,0.1418010352735742,0.6828509317269433,1.0463016092283317,1.9795131521641434,2.847101927079163,2.3739999389648436,0.848226014026854,0.0
2021-12-30,0.848226014026854,0.14209300123314708,0.6661265058435836,1.0303255222101244,1.9466822355295559,2.8019777922634623,2.335500030517578,0.8278966077819359,0.0
2022-01-06,0.8278966077819359,0.14187956000219987,0.6460706355423376,1.0097225800215341,1.9080287394974353,2.7448394360859445,2.2885000610351565,0.8402732322790789,0.0
2022-01-13,0.8402732322790789,0.14187273197034153,0.6584560105143983,1.0220904540437596,1.931807340373584,2.7789980638252234,2.316999969482422,0.8628899551470398,0.0
2022-01-21,0.8628899551470398,0.1418753074900988,0.6810694327209821,1.0447104775730975,1.9759897908154982,2.842575415170483,2.37,0.866680205665017,0.0
2022-01-28,0.866680205665017,0.14101805106155132,0.6859583015570375,1.0474021097729964,1.985673798357374,2.8502368889978826,2.378999938964844,0.8582377745522202,0.0
2022-02-04,0.8582377745522202,0.14077985099895268,0.6778211361073768,1.0386544129970636,1.9695816033509217,2.825412616856495,2.358999938964844,0.8831475385176821,0.0
2022-02-11,0.8831475385176821,0.14044639380655025,0.7031582426598042,1.06313683437556,2.020122680843558,2.8954392724230904,2.4185000610351564,0.9228690229802912,0.0
2022-02-18,0.9228690229802912,0.14052055349359113,0.7427846876593857,1.1029533583011966,2.10178017425554,3.0130515171755095,2.5164999389648437,0.9036107034423854,0.0
2022-02-28,0.9036107034423854,0.1407925806061679,0.7231777513494866,1.0840436555352841,2.0609720724874574,2.956610927762901,2.468500061035156,0.8512187351304401,0.0
2022-03-07,0.8512187351304401,0.14222888472789375,0.6689450852417453,1.0334923850191349,1.9521768538447637,2.810865336914986,2.3425,0.8131499729546416,0.0
2022-03-14,0.8131499729546416,0.14158297730987202,0.6317040867287096,0.9945958591805737,1.880812918290928,2.703631472619138,2.255,0.7868651566462367,0.0
2022-03-21,0.7868651566462367,0.14137717785051535,0.6056830130396313,0.968047300252842,1.8325034052663765,2.6327983718923824,2.196499938964844,0.8147009031371645,0.0
2022-03-28,0.8147009031371645,0.1412815404734357,0.6336413237608801,0.9957604825134488,1.884460030246396,2.706782019159549,2.258500061035156,0.7633726396734357,0.0
2022-04-04,0.7633726396734357,0.14248293461229639,0.5807734117576584,0.945971867589213,1.7874203081832898,2.575315027963137,2.145500030517578,0.8355144483148444,0.0
2022-04-11,0.8355144483148444,0.1425828533527741,0.6527871693807806,1.0182417272489084,1.9208872129379126,2.7683230153638503,2.306000061035156,0.861200791352964,0.0
2022-04-19,0.861200791352964,0.14220030404144451,0.6789637690877326,1.0434378136181954,1.9718333984911114,2.838960072946344,2.366000061035156,0.7943490748590518,0.0
2022-04-26,0.7943490748590518,0.14412124328490963,0.6096502698990416,0.979047879819062,1.8397878570622492,2.661920566695587,2.2130000305175783,0.7948008067186236,0.0
2022-05-03,0.7948008067186236,0.14390477677963992,0.6103794147473298,0.9792221986899174,1.841129818082697,2.662384630129412,2.213999938964844,0.7802418734248211,0.0
2022-05-10,0.7802418734248211,0.14410131417236133,0.5955686086501971,0.9649151381994451,1.8140621431848678,2.6245649217189424,2.1819999694824217,0.712949807856125,0.0
2022-05-17,0.712949807856125,0.14539517158164617,0.5266183980930406,0.8992812176192095,1.6931968987858221,2.4578358269993585,2.04,0.8250522380667119,0.0
2022-05-24,0.8250522380667119,0.14719955245217495,0.6364084211741625,1.0136960549592613,1.889681735873784,2.7557676839744802,2.281999969482422,0.7591689475341181,0.0
2022-06-01,0.7591689475341181,0.14779302809088274,0.5697645610076703,0.948573334060566,1.767850781425994,2.582023345609991,2.136499938964844,0.8731744280556625,0.0
2022-06-08,0.8731744280556625,0.15121891139299118,0.6793795954200245,1.0669692606913006,1.972653509241102,2.906557120645633,2.394499969482422,0.8409204511746557,0.0
2022-06-15,0.8409204511746557,0.1516156600220993,0.6466171647122565,1.035223737637055,1.9090718178710298,2.815736151306577,2.3185000610351563,0.8263660243461681,0.0
2022-06-23,0.8263660243461681,0.15142516672418566,0.6323068648679359,1.0204251838244003,1.881946972959392,2.774374132226234,2.285,0.8435049490198389,0.0
2022-06-30,0.8435049490198389,0.1510964899881621,0.6498670057272157,1.037142892312462,1.9152860899941435,2.8211451732207284,2.3244999694824218,0.8484400910940438,0.0
2022-07-08,0.8484400910940438,0.15003618157404433,0.6561609877094934,1.0407191944785943,1.9273788821228537,2.831252503475559,2.3360000610351563,0.8015530270214271,0.0
2022-07-15,0.8015530270214271,0.15047698430827056,0.6087090122027327,0.9943970418401215,1.838056957321358,2.7030939972316728,2.2289999389648436,0.7114781222630396,0.0
2022-07-22,0.7114781222630396,0.15303706125428163,0.5153532368262701,0.9076030076998092,1.674229796977696,2.478374762629233,2.0369999694824217,0.7260982659354424,0.0
2022-07-29,0.7260982659354424,0.15306037635987288,0.5299435009886015,0.9222530308822832,1.6988363233342432,2.5149502722280372,2.066999969482422,0.7756483880212386,0.0
2022-08-05,0.7756483880212386,0.15366185026856605,0.5787228032450777,0.9725739727973994,1.7837587643632973,2.6447432027702225,2.171999969482422,0.7393148468346119,0.0
2022-08-12,0.7393148468346119,0.12498392500597573,0.5791415020752948,0.899488191593929,1.7845057784473741,2.4583445876979764,2.094499969482422,0.8180161895410111,0.0
2022-08-19,0.8180161895410111,0.11293659877282189,0.6732821145764187,0.9627502645056034,1.960661888748838,2.61888921597185,2.266000061035156,0.769876699286839,0.0
2022-08-26,0.769876699286839,0.1136647030782087,0.6242095211097984,0.9155438774638796,1.8667697319805654,2.4981335610401527,2.1594999694824217,0.883767540168595,0.0
2022-09-02,0.883767540168595,0.11860039319750845,0.731775020592123,1.0357600597450671,2.078767189394351,2.817246697888407,2.42,0.8443649660678113,0.0
2022-09-12,0.8443649660678113,0.11919963501605839,0.6916044872006367,0.9971254449349859,1.9969169919608354,2.710479197579774,2.3264999389648438,0.8230783501519763,0.0
2022-09-19,0.8230783501519763,0.11618515444052942,0.6741810835856746,0.9719756167182779,1.9624252555117336,2.6431611779514146,2.2775,0.806699068864939,0.0
2022-09-26,0.806699068864939,0.11587545606425009,0.6581986967376048,0.9551994409922733,1.931310323678159,2.5991889160458888,2.240500030517578,0.8055826235258273,0.0
2022-10-03,0.8055826235258273,0.1148705476050088,0.6583700934076627,0.9527951536439919,1.931641372205983,2.5929472254348553,2.2380000305175782,0.768950143975446,0.0
2022-10-10,0.768950143975446,0.1155547398177088,0.6208607862559623,0.9170395016949298,1.8605288704423681,2.501872625547193,2.1575,0.7767987390212593,0.0
2022-10-17,0.7767987390212593,0.11299353729614743,0.6319916944029593,0.9216057836395593,1.8813539323162198,2.5133230042779062,2.174499969482422,0.6706459308194547,0.0
2022-10-24,0.6706459308194547,0.11735268584350891,0.5202524125558422,0.8210394490830671,1.6824522681842082,2.2728611335175,1.955500030517578,0.6439569043128934,0.0
2022-10-31,0.6439569043128934,0.11285746486722764,0.49932424352890314,0.7885895650968837,1.6476075129892904,2.2002908696384975,1.9039999389648437,0.574926531998863,0.0
2022-11-07,0.574926531998863,0.1140749629815874,0.42873358460036737,0.7211194793973587,1.5353119491599694,2.0567343941198715,1.776999969482422,0.5338583407701886,0.0
2022-11-14,0.5338583407701886,0.11448215463482887,0.3871435562710046,0.6805731252693725,1.472767901166111,1.975009335681732,1.705500030517578,0.508021678071296,0.0
2022-11-21,0.508021678071296,0.11467851271334693,0.36105525056917986,0.654988105573412,1.434842734566346,1.9251196190461999,1.661999969482422,0.4542552722775964,0.0
2022-11-29,0.4542552722775964,0.11568799983097837,0.3059951349794826,0.6025154095757101,1.3579756999521795,1.8267079448383017,1.575,0.5110255854617712,0.0
2022-12-06,0.5110255854617712,0.11454717625661742,0.36422747240138986,0.6578236985221526,1.4394016010596498,1.9305862215302874,1.6669999694824218,0.4765447087382489,0.0
2022-12-13,0.4765447087382489,0.11095925583296005,0.33434470071385514,0.6187447167626426,1.397024615970197,1.85659602461325,1.610500030517578,0.5137213903628159,0.0
2022-12-20,0.5137213903628159,0.11148454173716006,0.3708482013655361,0.6565945793600958,1.4489631060708077,1.92821475871515,1.6714999389648437,0.5176026262318905,0.0
2022-12-28,0.5176026262318905,0.11038929337885411,0.3761330544828578,0.6590721979809231,1.456640933483954,1.9329980626608625,1.6780000305175782,0.5512955739040184,0.0
2023-01-05,0.5512955739040184,0.11085816477552413,0.4092251192825442,0.6933660285254926,1.5056506333265574,2.0004377438290204,1.735500030517578,0.47343525355557725,0.0
2023-01-12,0.47343525355557725,0.11303921847881844,0.3285696661461094,0.6183008409650451,1.388980001841314,1.8557721094435378,1.6055000305175782,0.40145704585710645,0.0
2023-01-20,0.40145704585710645,0.11474865149048831,0.2544007318953394,0.5485133598188735,1.28968852005368,1.730678208668597,1.4939999389648437,0.43696379488173287,0.0
2023-01-27,0.43696379488173287,0.11537772999749323,0.28910128437446325,0.5848263053890025,1.3352269593073502,1.7946792324546132,1.548000030517578,0.5300398067656295,0.0
2023-02-03,0.5300398067656295,0.11920147877008024,0.37727696503260166,0.6828026484986572,1.4583081538086133,1.979417577186075,1.6989999389648438,0.5469646880424993,0.0
2023-02-10,0.5469646880424993,0.11938101816010149,0.39397175732311285,0.6999576187618858,1.4828586681851124,2.013667363945973,1.7280000305175782,0.5581861951258283,0.0
2023-02-17,0.5581861951258283,0.11949963270999152,0.405041253744334,0.7113311365073227,1.499364353174611,2.036700581505935,1.7475,0.6349882502138755,0.0
2023-02-27,0.6349882502138755,0.12186572057859035,0.4788110452201622,0.7911654552075889,1.6141541046075423,2.20596588309789,1.8869999694824218,0.6455313106153567,0.0
2023-03-06,0.6455313106153567,0.12115509439146566,0.4902648097242701,0.8007978115064434,1.6327485304009857,2.227317199123637,1.9069999694824218,0.6013059601678219,0.0
2023-03-13,0.6013059601678219,0.12168263621283237,0.4453633872296725,0.7572485331059713,1.5610573610859253,2.1324009108324695,1.8244999694824218,0.6054082495938717,0.0
2023-03-20,0.6054082495938717,0.12082046741507343,0.450570590428254,0.7602459087594895,1.569207304760682,2.1388021060069233,1.8319999694824218,0.6146449193951677,0.0
2023-03-27,0.6146449193951677,0.12043046102372332,0.4603070735309571,0.7689827652593784,1.5845604868784542,2.1575703815680467,1.8489999389648437,0.5704143806750155,0.0
2023-04-03,0.5704143806750155,0.120886392207594,0.4154922354883348,0.7253365258616962,1.5151163512060357,2.0654260523072328,1.7689999389648436,0.5667332557042867,0.0
2023-04-11,0.5667332557042867,0.12046280973567228,0.4123539532976346,0.7211125581109388,1.5103689417957715,2.056720158921303,1.7625,0.6444820085786643,0.0
2023-04-18,0.6444820085786643,0.12220845860638287,0.48786556712886187,0.8010984500284668,1.6288358661714912,2.2279869171409317,1.905,0.7190585623444463,0.0
2023-04-25,0.7190585623444463,0.12235607641253188,0.5622529410640713,0.8758641836248213,1.754621108582459,2.4009492587282533,2.0525,0.6546661778842575,0.0
2023-05-02,0.6546661778842575,0.12352318833381602,0.49636484249399504,0.81296751327452,1.642738789416396,2.2545885909552483,1.9244999694824219,0.6452690683012369,0.0
2023-05-09,0.6452690683012369,0.12193032690533123,0.48900906696834473,0.8015290696341291,1.6306995050553112,2.228946538589688,1.9064999389648438,0.6312717768418578,0.0
2023-05-16,0.6312717768418578,0.1219740826908723,0.4749557002135038,0.7875878534702117,1.6079429643779688,2.1980879162385456,1.88,0.6436943289051144,0.0
2023-05-23,0.6436943289051144,0.12201348497540573,0.4873277562173306,0.8000609015928981,1.6279600959900595,2.2256764716074264,1.9035000610351562,0.6283419409134464,0.0
2023-05-31,0.6283419409134464,0.1203665707659069,0.4740859737091635,0.7825979081177293,1.606545101731593,2.1871468979005644,1.8744999694824218,0.5802583643166718,0.0
2023-06-07,0.5802583643166718,0.11568597167184533,0.4320008262090701,0.7285159024242734,1.5403363878004959,2.0720032696746,1.7864999389648437,0.6173454342228667,0.0
2023-06-14,0.6173454342228667,0.11475015975189434,0.4702871873463335,0.7644036810993999,1.600453757291194,2.147713270703543,1.8539999389648438,0.6119370920350761,0.0
2023-06-22,0.6119370920350761,0.1086530343810517,0.47269262572286797,0.7511815583472842,1.604308184113431,2.1195028539865195,1.8439999389648438,0.5405785641415596,0.0
2023-06-29,0.5405785641415596,0.11027831197109482,0.3992512207893872,0.6819059074937319,1.4907080684283398,1.977643347909709,1.7169999694824218,0.4922542754881073,0.0
2023-07-07,0.4922542754881073,0.11103642774334388,0.34995536768114505,0.6345531832950695,1.4190042137313532,1.8861791767827343,1.6360000610351562,0.4873522863257895,0.0
2023-07-14,0.4873522863257895,0.11078791310050612,0.3453718628484167,0.6293327098031622,1.4125150838996041,1.876358086066013,1.6280000305175781,0.4821174407854196,0.0
2023-07-21,0.4821174407854196,0.11072672502890331,0.3402154329770021,0.6240194485938372,1.4052502952106718,1.86641494407967,1.619499969482422,0.4814998320951012,0.0
2023-07-28,0.4814998320951012,0.11002177942354528,0.34050124843085405,0.6224984157593484,1.405651994864823,1.8635782235863563,1.6185000610351563,0.4567916966191938,0.0
2023-08-04,0.4567916966191938,0.10695810049499045,0.31971937548216206,0.5938640177562255,1.3767413627405056,1.8109725433744506,1.5789999389648437,0.4784057703376793,0.0
2023-08-11,0.4784057703376793,0.1071051107960386,0.34114504791918815,0.6156664927561704,1.4065572442681769,1.8508897931949984,1.6135000610351562,0.4561582417630854,0.0
2023-08-18,0.4561582417630854,0.10584207795523265,0.32051616105906333,0.5918003224671075,1.3778387675415604,1.8072391015361438,1.578000030517578,0.3883189285762943,0.0
2023-08-25,0.3883189285762943,0.10716570259941507,0.2509805546373268,0.5256573025152618,1.2852850912534586,1.6915703564905975,1.474499969482422,0.4170642439515163,0.0
2023-09-01,0.4170642439515163,0.10434284391944271,0.2833435089731786,0.550784978929854,1.3275611126557116,1.7346141191145357,1.5175,0.4117784499477452,0.0
2023-09-11,0.4117784499477452,0.10355818966355029,0.27906328985945766,0.5444936100360327,1.3218910035179385,1.723735279083856,1.5094999694824218,0.4157454376526906,0.0
2023-09-18,0.4157454376526906,0.09634807557545887,0.29227041056175185,0.5392204647436294,1.3394651742018102,1.7146696955875782,1.515500030517578,0.461845422314544,0.0
2023-09-25,0.461845422314544,0.09734579627886998,0.33709176469417246,0.5865990799349156,1.4008676080281581,1.7978636158789558,1.586999969482422,0.39743295692002506,0.0
2023-10-02,0.39743295692002506,0.09885763227427996,0.2707418035128891,0.524124110327161,1.3109365474723726,1.688978841187564,1.4880000305175782,0.3994470767183189,0.0
2023-10-09,0.3994470767183189,0.09887269917179936,0.2727366143050791,0.5261575391315587,1.3135542278656582,1.6924167536037207,1.4910000610351561,0.37877886374095326,0.0
2023-10-16,0.37877886374095326,0.09892837371553471,0.25199705152902846,0.5055606759528781,1.286592243799365,1.6579148128880548,1.4605000305175782,0.43275592874941515,0.0
2023-10-23,0.43275592874941515,0.10035559236001204,0.30414506224928595,0.5613667952495444,1.3554656687275266,1.753066947139538,1.5414999389648438,0.5059136162063902,0.0
2023-10-30,0.5059136162063902,0.10326987424750265,0.37356794719090913,0.6382592852218713,1.4529092812939646,1.8931825185973805,1.6585000610351563,0.4643627877184123,0.0
2023-11-06,0.4643627877184123,0.09893078551418286,0.33757788466215416,0.5911476907746704,1.4015487632930934,1.8060600248159377,1.5910000610351562,0.5521594696898381,0.0
2023-11-13,0.5521594696898381,0.10265241422796346,0.42060510752905866,0.6837138318506175,1.5228827847080961,1.9812220114893877,1.7369999694824219,0.5802583643166718,0.0
2023-11-20,0.5802583643166718,0.10081459746099605,0.4510592591107836,0.70945746952256,1.5699743146185003,2.0328880556857625,1.7864999389648437,0.5760513743750093,0.0
2023-11-27,0.5760513743750093,0.09998331269674812,0.4479176034601564,0.7041851452898622,1.5650497356577646,2.0221982156412346,1.7789999389648437,0.5861185908189076,0.0
2023-12-04,0.5861185908189076,0.09966449657322733,0.45839339920627364,0.7138437824315416,1.5815310537575176,2.0418245235511714,1.796999969482422,0.6360475562085428,0.0
2023-12-11,0.6360475562085428,0.09921285319656246,0.5089011688723416,0.763193943544744,1.6634623261372712,2.1451166722213584,1.8889999389648438,0.6626879730752367,0.0
2023-12-18,0.6626879730752367,0.09805990289085714,0.5370191510083073,0.7883567951421662,1.7108993210463075,2.1997787676356984,1.94,0.7397922029463764,0.0
2023-12-26,0.7397922029463764,0.09997371432049983,0.6116707328456312,0.8679136730471215,1.84350883804329,2.3819361682908604,2.095500030517578,0.664490502714903,0.0
2024-01-03,0.664490502714903,0.10248393539654353,0.533152054864291,0.795828950565515,1.704295885169016,2.216277419967525,1.9435000610351563,0.6219196712715775,0.0
2024-01-10,0.6219196712715775,0.10344802806202848,0.4893456889561832,0.754493653586972,1.6312485267654757,2.1265344875917394,1.8625,0.594155197659836,0.0
2024-01-18,0.594155197659836,0.10335776409928156,0.4616968932672123,0.7266135020524598,1.5867642713932788,2.0680652369291384,1.8114999389648438,0.5875088315780274,0.0
2024-01-25,0.5875088315780274,0.10035811577109253,0.4588947311964775,0.7161229319595772,1.5823241246475603,2.0464834541333303,1.7994999694824219,0.625670999111106,0.0
2024-02-01,0.625670999111106,0.09816494296783682,0.49986756276907834,0.7514744354531337,1.648502933078809,2.120123698759407,1.869499969482422,0.6637183541546232,0.0
2024-02-08,0.6637183541546232,0.09824722225821789,0.5378094726591958,0.7896272356500507,1.7122520162839787,2.202575231684962,1.941999969482422,0.6355180838872803,0.0
2024-02-15,0.6355180838872803,0.09464206400757726,0.5142293985919973,0.7568067691825632,1.6723492904094097,2.1314591010839226,1.8880000305175781,0.638162888348463,0.0
2024-02-23,0.638162888348463,0.0945252227535982,0.5170239411451372,0.7593018355517889,1.6770292778314875,2.136783873071789,1.893000030517578,0.6471032420585384,0.0
2024-03-01,0.6471032420585384,0.09450546719976081,0.5259896126161611,0.7682168715009158,1.692132575816848,2.1559185445259463,1.91,0.6616565292155188,0.0
2024-03-08,0.6616565292155188,0.091582331279919,0.5442890491875143,0.7790240092435232,1.7233827063950593,2.1793442073830143,1.9380000305175782,0.6491952611419656,0.0
2024-03-15,0.6491952611419656,0.09161312758586361,0.5317883140598648,0.7666022082240663,1.7019732514227697,2.1524402709002617,1.9139999389648437,0.6034959919872033,0.0
2024-03-22,0.6034959919872033,0.09168410814336679,0.4859980796605111,0.7209939043138954,1.6257968741264055,2.0564761357424164,1.8285000610351563,0.6143745324132973,0.0
2024-04-01,0.6143745324132973,0.09173759041656177,0.49680807979566327,0.7319409850309314,1.6434670739142674,2.0791122194549208,1.8485000610351563,0.6512829923723924,0.0
2024-04-08,0.6512829923723924,0.09240451460179083,0.5328618420210784,0.7697041427237064,1.7038013483784407,2.1591273657381382,1.9180000305175782,0.7471617977790946,0.0
2024-04-15,0.7471617977790946,0.09587324082548439,0.6242952959053606,0.8700282996528287,1.8669298606400908,2.3869784032285764,2.1110000610351562,0.8396256601183619,0.0
2024-04-22,0.8396256601183619,0.09973483269780123,0.711810329135166,0.9674409911015579,2.037676787286343,2.631202565970771,2.315500030517578,0.8400573995265596,0.0
2024-04-29,0.8400573995265596,0.0970706445795337,0.7156563629972347,0.9644584360558844,2.045528851183055,2.6233665509633552,2.316499938964844,0.848226014026854,0.0
2024-05-06,0.848226014026854,0.0944703644271162,0.7271573705977143,0.9692946574559937,2.0691902984760997,2.636084460943364,2.335500030517578,0.6966410546086315,1.0
2024-05-13,0.6966410546086315,0.10391833913568256,0.5634643444005027,0.8298177648167602,1.7567479504191226,2.2929008549811805,2.006999969482422,0.6951451527659532,0.0
2024-05-20,0.6951451527659532,0.1038711456512378,0.5620289234416982,0.8282613820902083,1.754228086557122,2.289334999334664,2.003999938964844,0.7385984580446453,0.0
2024-05-28,0.7385984580446453,0.10458535163029584,0.6045669369298071,0.8726299791594835,1.8304593328769465,2.3931966414470867,2.093000030517578,0.8370310376745901,0.0
2024-06-04,0.8370310376745901,0.10873872304565337,0.6976767569201123,0.9763853184290678,2.009079700795314,2.6548424668906243,2.309499969482422,0.8497234615074901,0.0
2024-06-11,0.8497234615074901,0.1086041812441204,0.7105416030093981,0.9889053200055822,2.0350931728066,2.688290043709689,2.338999938964844,0.7909542543998911,0.0
2024-06-18,0.7909542543998911,0.1091582021911939,0.6510623894897325,0.9308461193100497,1.9175769608488142,2.5366545822806974,2.205500030517578,0.8166913801368524,0.0
2024-06-26,0.8166913801368524,0.10887782397233998,0.6771588343720106,0.9562239259016941,1.968277577913899,2.6018531103475193,2.263000030517578,0.8169123148588222,0.0
2024-07-03,0.8169123148588222,0.10884496546286176,0.6774218789682438,0.9564027507494006,1.9687953907956106,2.6023184279376657,2.263500061035156,0.815143536362856,0.0
2024-07-11,0.815143536362856,0.10623274847939794,0.6790007912369778,0.9512862814887342,1.97190640135283,2.5890377497575634,2.259499969482422,0.9032054923254995,0.0
2024-07-18,0.9032054923254995,0.10789098470407506,0.7649376319698435,1.0414733526811555,2.148860350288717,2.8333885211209524,2.4675,0.8895359694892643,0.0
2024-07-25,0.8895359694892643,0.10802716835062996,0.7510935827681644,1.0279783562103642,2.119316397697414,2.7954087975337383,2.4339999389648437,0.8531379038660836,0.0
2024-08-01,0.8531379038660836,0.10882323137571742,0.7136753213289107,0.9926004864032565,2.0414805845115436,2.6982420986719613,2.3469999694824217,0.8208805470694969,0.0
2024-08-08,0.8208805470694969,0.10948446930215068,0.680570554032506,0.9611905401064877,1.975004257471445,2.614807654446115,2.2725,0.8973117777172727,0.0
2024-08-15,0.8973117777172727,0.11113505452236255,0.7548864746072544,1.039737080827291,2.1273699991313246,2.8284732567330853,2.453000030517578,0.8750519584156412,0.0
2024-08-22,0.8750519584156412,0.11145863388834612,0.7322119716625688,1.0178919451687136,2.079675707417471,2.767354874909847,2.3989999389648435,0.9034081184084485,0.0
2024-08-29,0.9034081184084485,0.11123317662226849,0.7608570667676813,1.0459591700492157,2.140109651559716,2.8461271347454633,2.468000030517578,0.9234649477419242,0.0
2024-09-06,0.9234649477419242,0.108619821651995,0.7842630452546347,1.0626668502292138,2.1907918312388714,2.894078781597946,2.518000030517578,0.875677061701867,0.0
2024-09-13,0.875677061701867,0.1099297035735913,0.7347964779872772,1.0165576454164569,2.0850575942010794,2.7636648563287496,2.4005000305175783,0.9633650926772502,0.0
2024-09-20,0.9633650926772502,0.11251028798275782,0.8191773569730731,1.1075528283814273,2.268632794733583,3.0269418771387966,2.6204998779296873,0.9192862408539535,0.0
2024-09-27,0.9192862408539535,0.11376767869892616,0.7734870941089695,1.0650853875989374,2.167310708431981,2.9010866903107573,2.5075,0.9900986363418708,0.0
2024-10-04,0.9900986363418708,0.11479662428487085,0.8429808427703592,1.1372164299133822,2.3232820037211144,3.118076888576177,2.691499938964844,0.9452668638274607,0.0
2024-10-11,0.9452668638274607,0.11370499414014866,0.7995480505769136,1.0909856770780078,2.2245353238121246,2.9772071916567575,2.573500061035156,0.9244573066482961,0.0
2024-10-18,0.9244573066482961,0.11409227966145563,0.7782421670316052,1.0706724462649868,2.177640970005585,2.917340595324498,2.520500030517578,0.9450724858568106,0.0
2024-10-25,0.9450724858568106,0.1137184795669337,0.799336390336455,1.0908085813771662,2.2240645279567177,2.9766799877467514,2.5729998779296874,0.9098701394999131,0.0
2024-11-01,0.9098701394999131,0.11376809002172614,0.764070465623551,1.0556698133762752,2.14699773862386,2.8738994856753948,2.483999938964844,0.8876854623025617,0.0
2024-11-08,0.8876854623025617,0.11234370625140959,0.7437112096769851,1.0316597149281383,2.1037284222711112,2.805718665598,2.4294999694824218,0.9296017700250669,0.0
2024-11-15,0.9296017700250669,0.11176228357105765,0.7863726405457384,1.0728308995043954,2.195418393741241,2.9236443393038543,2.533500061035156,1.0360273701584206,0.0
2024-11-22,1.0360273701584206,0.11319096169119451,0.8909673159975714,1.1810874243192697,2.4374863308008616,3.257915013374698,2.8179998779296875,1.1159609270027229,0.0
2024-12-02,1.1159609270027229,0.11515883056113305,0.9683789474108174,1.2635429065946282,2.633671676796483,3.5379338784300685,3.0525,1.0959421009111312,0.0
2024-12-09,1.0959421009111312,0.11545812698248932,0.9479765575218747,1.2439076443003876,2.580482914347314,3.4691431904841834,2.9920001220703125,1.2008679526374844,0.0
2024-12-16,1.2008679526374844,0.11915148399544835,1.0481691817861551,1.3535667234888136,2.8524240646996954,3.871208466292076,3.3229998779296874,1.1901273975038829,0.0
2024-12-23,1.1901273975038829,0.11873365017202174,1.0379641022431034,1.3422906927646623,2.8234628771832617,3.827801788129729,3.2875,1.185554218801918,0.0
2024-12-31,1.185554218801918,0.11871616510516542,1.033413331555942,1.3376951060478939,2.8106431370584835,3.8102511517018542,3.2725,1.1623692544708606,0.0
2025-01-08,1.1623692544708606,0.11722689690531532,1.0121369412179182,1.312601567723803,2.751474476379598,3.715828126980407,3.1975,1.1519951038081353,0.0
2025-01-15,1.1519951038081353,0.11439132419748241,1.0053967231981318,1.2985934844181388,2.732991298831116,3.6641393724399984,3.1645001220703124,1.195285212869,0.0
2025-01-23,1.195285212869,0.1136648428821244,1.0496178555260323,1.3409525702119676,2.8565592911109734,3.822683145679014,3.3045001220703125,1.2353261474746455,0.0
2025-01-30,1.2353261474746455,0.11334037742306735,1.0900746093486977,1.3805776856005934,2.9744959894929037,3.977198534309846,3.4395001220703123,1.3174800287737471,0.0
2025-02-06,1.3174800287737471,0.1152121701705486,1.1698296917218896,1.4651303658256047,3.2214439532342976,4.32810744082357,3.733999938964844,1.3961209521567897,0.0
2025-02-13,1.3961209521567897,0.11671704931448423,1.2465420348820662,1.5456998694315132,3.4782943171602416,4.691253743452077,4.039500122070312,1.4791013967997044,0.0
2025-02-21,1.4791013967997044,0.11841316333886444,1.3273488219416942,1.6308539716577146,3.771032444562074,5.108235144465969,4.388999938964844,1.3862943611198906,0.0
2025-02-28,1.3862943611198906,0.12238834612768029,1.2294473845355474,1.5431413377042338,3.4193394342383896,4.679266363493912,4.0,1.3324979043099439,0.0
2025-03-07,1.3324979043099439,0.12416010162545596,1.1733803316936642,1.4916154769262235,3.2329024713996226,4.4442693374429805,3.7904998779296877,1.361489273484956,0.0
2025-03-14,1.361489273484956,0.12424589244367303,1.2022617555112807,1.5207167914586313,3.32763471398274,4.57550370197145,3.9020001220703127,1.3405121844383707,0.0
2025-03-21,1.3405121844383707,0.124710659482001,1.1806890435391129,1.5003353253376286,3.2566173811430175,4.483192146234354,3.821000061035156,1.3645598533798229,0.0
2025-03-28,1.3645598533798229,0.12449197462005032,1.2050169684077587,1.524102738351887,3.336815698036418,4.5910223723868375,3.9139999389648437,1.3348695112556959,0.0
2025-04-04,1.3348695112556959,0.12383965853114556,1.1761626029885974,1.4935764195227943,3.241909807761311,4.452992844850667,3.7995001220703126,1.2966431725471486,0.0
2025-04-11,1.2966431725471486,0.12489513634792138,1.1365836150315636,1.4567027300627335,3.116104347310991,4.29178499890831,3.6570001220703126,1.2745244944033303,0.0
2025-04-21,1.2745244944033303,0.12513390654161255,1.114158940572215,1.4348900482344455,3.0470043894158167,4.19918327578915,3.5770001220703125,1.2996465211144161,0.0
2025-04-28,1.2996465211144161,0.12237632200571294,1.1428149540624046,1.4564780881664277,3.1355824743338863,4.290820992469788,3.6679998779296876,1.4387681794230998,0.0
2025-05-05,1.4387681794230998,0.12622994483081915,1.276997996006555,1.6005383628396446,3.5858587890538827,4.955699670904744,4.2154998779296875,1.3836659403640958,0.0
2025-05-12,1.3836659403640958,0.12787220702938706,1.2197911132559416,1.5475407674722501,3.386480268896718,4.699897817265109,3.9895001220703126,1.3414277716977627,0.0
2025-05-19,1.3414277716977627,0.1289116028987476,1.1762209051860089,1.5066346382095166,3.242098823736883,4.511522312838325,3.8245001220703125,1.324817797791858,0.0
2025-05-27,1.324817797791858,0.11877347591755114,1.1726034637845464,1.4770321317991697,3.2303919085304136,4.379927325062304,3.761499938964844,1.28564498671901,0.0
2025-06-03,1.28564498671901,0.11976614644013152,1.1321584942494156,1.4391314791886045,3.1023456735524597,4.217031646275518,3.6170001220703125,1.2262723297274525,0.0
2025-06-10,1.2262723297274525,0.12129893867460433,1.0708214849701148,1.3817231744847902,2.917775424391618,3.981756981347903,3.408500061035156,1.2670884042588495,0.0
2025-06-17,1.2670884042588495,0.11843375167877518,1.1153094443815947,1.4188673641361043,3.0505119969440417,4.132437241947345,3.5504998779296875,1.2114944638981202,0.0
2025-06-25,1.2114944638981202,0.12006544911471899,1.0576243996173365,1.365364528178904,2.87952226338015,3.9171507035797646,3.3585000610351563,1.1270377430769367,0.0
2025-07-02,1.1270377430769367,0.12169719521866447,0.9710765120220703,1.282998974131803,2.6407857673549175,3.607442145059712,3.0864999389648435,1.0917555421749618,0.0
2025-07-09,1.0917555421749618,0.12221954655516572,0.935124890947038,1.2483861934028857,2.547531601506277,3.484714761602195,2.9795001220703123,1.050297033074051,0.0
2025-07-16,1.050297033074051,0.12306940261545624,0.8925772474815744,1.2080168186665277,2.441413677317781,3.3468406746680275,2.8585000610351563,1.1459728212200266,0.0
2025-07-23,1.1459728212200266,0.12625193543240426,0.9841744557135932,1.30777118672646,2.675602144364432,3.6979225416213604,3.1454998779296877,1.103102214194871,0.0
2025-07-30,1.103102214194871,0.1244606938933282,0.9435994170871089,1.262605011302633,2.569212462411691,3.5346172224832215,3.013500061035156,1.076366658918078,0.0
2025-08-06,1.076366658918078,0.12470665308870131,0.9165486524184255,1.2361846654177306,2.5006448845215847,3.4424542625502106,2.9339999389648437,1.076366658918078,0.0
2025-08-13,1.076366658918078,0.124071452204814,0.9173626951056066,1.2353706227305494,2.5026813449734777,3.439653098120222,2.9339999389648437,1.161900047001386,0.0
2025-08-20,1.161900047001386,0.12603037374822948,1.0003856242181715,1.3234144697846006,2.719330265902357,3.7562250228356384,3.196000061035156,1.2816280488915401,0.0
2025-08-27,1.2816280488915401,0.1290623830886693,1.116227949791339,1.4470281479917413,3.0533151958953484,4.250463976810083,3.6025,1.3706729492188854,0.0
2025-09-04,1.3706729492188854,0.1311534117827268,1.2025930890222163,1.5387528094155545,3.328737453552833,4.658776264262709,3.9379998779296876,1.3500193052551788,0.0
2025-09-11,1.3500193052551788,0.13134409575000547,1.1816950737217193,1.5183435367886382,3.2598952850803333,4.564657741646847,3.8575,1.3864193227942774,0.0
2025-09-18,1.3864193227942774,0.13158155034952929,1.2177907809470525,1.5550478646415022,3.379712953697568,4.735313173802617,4.000499877929688,1.3502785227338843,0.0
2025-09-25,1.3502785227338843,0.13113840322032197,1.1822178967838615,1.518339148683907,3.2616000791295314,4.564637711494561,3.8585000610351563,1.3119748445632329,0.0
2025-10-02,1.3119748445632329,0.12954854415188738,1.145951704991358,1.4779979841351079,3.1454334575362646,4.384159731711355,3.7135000610351563,1.3299885410513919,0.0
2025-10-09,1.3299885410513919,0.1285895129803274,1.1651944493788355,1.4947826327239482,3.206546333528848,4.458367344349257,3.781000061035156,1.3277379116598669,0.0
2025-10-16,1.3277379116598669,0.12707177780108872,1.1648888758823461,1.4905869474373876,3.2055666476447,4.4397006253034315,3.7725,1.3706729492188854,0.0
2025-10-23,1.3706729492188854,0.12650949680892656,1.208544505527146,1.5328013929106248,3.3486072245682266,4.631132288312444,3.9379998779296876,1.4113527455794883,0.0
2025-10-30,1.4113527455794883,0.12656490287911176,1.2491532961517624,1.5735521950072142,3.4873889214214118,4.823752706787885,4.101499938964844,1.366091653802371,0.0
2025-11-06,1.366091653802371,0.12763468665024777,1.2025212213079515,1.5296620862967907,3.3284982333968642,4.616616540702795,3.92,1.378136173418427,0.0
2025-11-13,1.378136173418427,0.12690204708406103,1.215504656307034,1.54076769052982,3.3719953337197857,4.668172607651682,3.9675,1.390535385765572,0.0
2025-11-20,1.390535385765572,0.1265212674002081,1.2283918574541484,1.5526789140769957,3.415732133002048,4.724108727615858,4.017000122070312,1.402413742999774,0.0
2025-11-28,1.402413742999774,0.12611290836809402,1.2407935478452605,1.5640339381542876,3.4583567477008654,4.778056807177397,4.065,1.4182774069729414,0.0
2025-12-05,1.4182774069729414,0.12233029557077262,1.261504825170684,1.5750499887751988,3.5307306240161953,4.830983107002886,4.13,1.4017985476558559,0.0
2025-12-12,1.4017985476558559,0.12035927546264266,1.2475519297588924,1.5560451655528194,3.4818088031032115,4.7400380616220685,4.0625,1.3792697769156328,0.0
2025-12-19,1.3792697769156328,0.12041394600973634,1.2249530958934522,1.5335864579378133,3.4040064171666815,4.634769455827982,3.9720001220703125,1.2256853533143226,0.0
2025-12-29,1.2256853533143226,0.1260274347275506,1.0641746970376602,1.387196009590985,2.8984459006980448,4.003608220313094,3.406499938964844,1.2588870178711806,0.0
2026-01-06,1.2588870178711806,0.12638008356695973,1.096924423922286,1.4208496118200753,2.994940676690375,4.140636880271483,3.5214999389648436,1.3186844777839415,0.0
2026-01-13,1.3186844777839415,0.12765553516792882,1.1550873268390485,1.4822816287288345,3.174300607062585,4.402980195153365,3.738500061035156,1.2816280488915401,0.0
2026-01-21,1.2816280488915401,0.12800180264812797,1.1175871383153009,1.4456689594677794,3.057468048485109,4.244690719312747,3.6025,1.2455944790167555,0.0
2026-01-28,1.2455944790167555,0.12849709587255112,1.080918824633353,1.410270133400158,2.9473864385613906,4.097062007889971,3.475,1.2556160374777743,0.0
2026-02-04,1.2556160374777743,0.12785646698668296,1.0917613820459893,1.4194706929095593,2.979517522017558,4.134931212506356,3.51,1.1270377430769367,0.0
2026-02-11,1.1270377430769367,0.13340040241441564,0.9560782485184627,1.2979972376354107,2.601474106801644,3.661955292317792,3.0864999389648435,1.0811269329192492,0.0
2026-02-19,1.0811269329192492,0.13136745811553813,0.9127727613096666,1.2494811045288319,2.4912205256096653,3.4885323041189276,2.9479998779296874,1.0557047664198265,0.0
2026-02-26,1.0557047664198265,0.12884601910062773,0.8905819489272275,1.2208275839124254,2.436547184804151,3.3899920759522866,2.8739999389648436,1.0508216248317612,0.0
2026-03-05,1.0508216248317612,0.12570291113704432,0.8897268622705683,1.2119163873929542,2.434464616333253,3.3599173900994983,2.86,1.075002423028976,0.0
2026-03-12,1.075002423028976,0.12319595880072717,0.917120449159136,1.2328843968988161,2.502075153988969,3.4311119657270894,2.93,1.0868770324496888,0.0
2026-03-19,1.0868770324496888,0.12237765684345439,0.9300437547342799,1.2437103101650977,2.5346200768196163,3.4684586776535875,2.965,1.1190683371016938,0.0
2026-03-26,1.1190683371016938,0.12246807525935968,0.9621191835238275,1.2760174906795603,2.617237006188193,3.582344558551774,3.0620001220703124,1.1237925673592541,0.0
2026-04-02,1.1237925673592541,0.12239168624583598,0.9669413102412595,1.2806438244772487,2.629888132834877,3.598956075841937,3.0764999389648438,1.0831601634473205,0.0
2026-04-10,1.0831601634473205,0.12257303184244288,0.9260765025960896,1.2402438242985512,2.5245845198553067,3.456456130018743,2.9539999389648437,1.0989455867965026,0.0
2026-04-17,1.0989455867965026,0.1225010569050091,0.94195416553902,1.2559370080539851,2.5649889369641343,3.5111267875456496,3.0010000610351564,1.0622939837989358,0.0
2026-04-24,1.0622939837989358,0.12245956503814782,0.9053557365083866,1.219232231089485,2.472811435916891,3.3845881542511904,2.8929998779296877,1.1307567025917347,0.0
2026-05-01,1.1307567025917347,0.12438842094339593,0.9713465269961048,1.2901668781873645,2.641498915331304,3.6333928391746477,3.0979998779296873,1.1052568313867783,0.0
2026-05-08,1.1052568313867783,0.12426616755263764,0.946003329815468,1.2645103329580887,2.5753960543818537,3.541358225070776,3.02,1.0636757609240135,0.0
2026-05-15,1.0636757609240135,0.11627569901968775,0.9146624568105399,1.212689065037487,2.4959326246425424,3.362514526399671,2.8970001220703123,1.0459145211136043,0.0
2026-05-22,1.0459145211136043,0.11534070789631747,0.8980994563380562,1.1937295858891523,2.4549329673649742,3.299363548857312,2.846000061035156,1.0019178402521502,0.0
2026-06-01,1.0019178402521502,0.11539540994034511,0.8540326719864401,1.1498030085178605,2.3491009300296812,3.157570833861437,2.723500061035156,0.9578165021236648,0.0
2026-06-08,0.9578165021236648,0.115944436007296,0.8092277286423288,1.1064052756050007,2.246172661880745,3.0234702938770797,2.6060000610351564,0.8997547384129261,0.0
2026-06-15,0.8997547384129261,0.11660344938603245,0.7503214053043556,1.0491880715214965,2.1176805410035513,2.8553318514055155,2.4589999389648436,0.966793760470654,0.0
2026-06-23,0.966793760470654,0.1176655790629218,0.8159992534118546,1.1175882675294533,2.2614342896258486,3.057471501023249,2.6295001220703127,1.0576167103574743,0.0
2026-06-30,1.0576167103574743,0.12056027483874542,0.9031125013953928,1.2121209193195557,2.4672705555482533,3.3606046707595403,2.8795001220703127,1.1352656455418233,0.0
2026-07-08,1.1352656455418233,0.12204366544814803,0.9788603950219478,1.291670896061699,2.661421543839267,3.638861638504316,3.1120001220703126,1.176344637208462,0.0
2026-07-15,1.176344637208462,0.11986308913528308,1.0227339076761282,1.329955366740796,2.7807867956450143,3.7808746310453065,3.2425,1.2073172420751477,0.0
2026-07-22,1.2073172420751477,0.11966023705330159,1.0539664779460511,1.3606680062042442,2.8690084375888434,3.898796852590975,3.3445001220703126,1.1526268576990732,0.0
2026-07-29,1.1526268576990732,0.12020289727638944,0.9985806465115196,1.3066730688866268,2.7144263624449745,3.6938640156857865,3.1664999389648436,1.1811134727119852,0.0
2026-08-05,1.1811134727119852,0.11682581670086833,1.0313951644229609,1.3308317810010095,2.8049765094808463,3.784189695960925,3.2579998779296875,1.1844841090711782,0.0
2026-08-12,1.1844841090711782,0.11601310895791907,1.0358073276624606,1.3331608904798957,2.817379866419875,3.793013760168456,3.2689999389648436,1.2240695239712964,0.0
2026-08-19,1.2240695239712964,0.11624950452990261,1.0750897894472156,1.3730492584953773,2.930255994787953,3.9473689110217696,3.4010000610351563,1.27954399117301,0.0
2026-08-26,1.27954399117301,0.11738379909609903,1.1291105996718314,1.4299773826741886,3.092904446237832,4.178604681990939,3.595,1.2742448743792643,0.0
2026-09-02,1.2742448743792643,0.11453598706053478,1.1274611008506399,1.4210286479078886,3.087806909346053,4.141378270065366,3.576000061035156,1.1890621730045676,0.0
2026-09-10,1.1890621730045676,0.11149952110592785,1.0461697871737925,1.3319545588353428,2.846726640989688,3.7884408863970593,3.2839999389648438,1.1483543418473148,0.0
2026-09-17,1.1483543418473148,0.10835231209574664,1.0094952666506336,1.287213417043996,2.744215568290579,3.6226775859366267,3.1529998779296875,1.066605450519492,0.0
2026-09-24,1.066605450519492,0.11088432361309529,0.9245014719987756,1.2087094290402083,2.520611351743062,3.3491595341787366,2.9054998779296874,1.0128728518867893,0.0
2026-10-01,1.0128728518867893,0.11107139003694419,0.8705291380977286,1.15521656567585,2.388174193203859,3.1747108764915013,2.7535000610351563,1.058657973161077,0.0
