w_star,share_answered,error_rate_on_answered,mean_abs_surprise,p90_abs_surprise
0.08506129576337779,0.05063291139240506,0.2857142857142857,0.02363416763012443,0.056619208052928735
0.09040527111963466,0.10126582278481013,0.3571428571428572,0.032453295820314636,0.06116473407623074
0.09637511889823167,0.15009041591320071,0.32530120481927716,0.03227102736672537,0.06141742670552474
0.10152330247538338,0.2007233273056058,0.2702702702702703,0.030087430733701744,0.061143984220907395
0.10678391384981753,0.2513562386980108,0.24460431654676262,0.030665020477192533,0.06115228416303673
0.11260262480594875,0.30018083182640143,0.24698795180722888,0.031633243070529476,0.06830805079855534
0.11538449841778123,0.3508137432188065,0.268041237113402,0.03486287299830547,0.0769611556291721
0.11949334155546666,0.3996383363471971,0.248868778280543,0.034099706613703866,0.07596466609102762
0.1240932090080541,0.45027124773960214,0.2449799196787148,0.033947045581501765,0.07503913344551918
0.12716229650510688,0.5009041591320073,0.24187725631768953,0.03451845266657687,0.07688310016691056
0.13052332667348074,0.5497287522603979,0.2532894736842105,0.036288474002634775,0.07948021026934447
0.13371317765569385,0.6003616636528029,0.2530120481927711,0.03672842770726594,0.08086169389112378
0.13708085049465388,0.6491862567811935,0.245125348189415,0.03717769635763033,0.08099989416695529
0.14118661212599865,0.6998191681735986,0.23514211886304914,0.03708407314508078,0.08067563434547818
0.14506694743898174,0.7504520795660036,0.2313253012048193,0.03732772518371256,0.08069814994955876
0.1483326928068664,0.7992766726943942,0.2285067873303167,0.03717589731194988,0.08058076408181962
0.15463928176986338,0.8499095840867993,0.22340425531914887,0.0372941872542071,0.08075396942492667
0.16181772755171203,0.8987341772151899,0.21529175050301808,0.03750984297057396,0.08078633422654688
0.17354795409976911,0.9493670886075949,0.20952380952380956,0.03778132557773126,0.08080791076096035
0.28666828558828117,1.0,0.20253164556962022,0.03788770740245973,0.08082948729537381
