origin_date,origin_idx,horizon_weeks,p_waiting_pays,waiting_paid,p_climatology
2016-01-21,15,2,0.30075,1.0,0.5
2016-01-21,15,4,0.219,0.0,0.5
2016-01-21,15,8,0.13925,1.0,0.5
2016-01-28,16,2,0.3,0.0,0.5
2016-01-28,16,4,0.22825,0.0,0.5
2016-01-28,16,8,0.1445,0.0,0.5
2016-02-04,17,2,0.2905,0.0,1.0
2016-02-04,17,4,0.22425,0.0,0.5
2016-02-04,17,8,0.14025,0.0,0.5
2016-02-11,18,2,0.32225,0.0,0.5
2016-02-11,18,4,0.238,1.0,0.5
2016-02-11,18,8,0.16125,0.0,0.5
2016-02-19,19,2,0.29,0.0,0.3333333333333333
2016-02-19,19,4,0.22675,1.0,0.0
2016-02-19,19,8,0.14425,0.0,0.5
2016-02-26,20,2,0.311,1.0,0.25
2016-02-26,20,4,0.22625,1.0,0.0
2016-02-26,20,8,0.148,0.0,0.5
2016-03-04,21,2,0.31325,1.0,0.2
2016-03-04,21,4,0.2435,0.0,0.0
2016-03-04,21,8,0.15275,0.0,0.5
2016-03-11,22,2,0.30475,1.0,0.3333333333333333
2016-03-11,22,4,0.22575,0.0,0.25
2016-03-11,22,8,0.15275,0.0,0.5
2016-03-18,23,2,0.3075,0.0,0.42857142857142855
2016-03-18,23,4,0.24725,0.0,0.4
2016-03-18,23,8,0.16475,0.0,1.0
2016-03-28,24,2,0.30575,0.0,0.5
2016-03-28,24,4,0.24925,0.0,0.5
2016-03-28,24,8,0.15775,0.0,0.5
2016-04-04,25,2,0.3175,0.0,0.4444444444444444
2016-04-04,25,4,0.24425,0.0,0.42857142857142855
2016-04-04,25,8,0.17375,0.0,0.3333333333333333
2016-04-11,26,2,0.3035,0.0,0.4
2016-04-11,26,4,0.246,0.0,0.375
2016-04-11,26,8,0.15625,0.0,0.25
2016-04-18,27,2,0.3165,0.0,0.36363636363636365
2016-04-18,27,4,0.2325,1.0,0.3333333333333333
2016-04-18,27,8,0.1445,0.0,0.2
2016-04-25,28,2,0.3015,0.0,0.3333333333333333
2016-04-25,28,4,0.206,0.0,0.3
2016-04-25,28,8,0.13275,0.0,0.16666666666666666
2016-05-02,29,2,0.29975,1.0,0.3076923076923077
2016-05-02,29,4,0.22025,0.0,0.2727272727272727
2016-05-02,29,8,0.13125,1.0,0.14285714285714285
2016-05-09,30,2,0.28925,0.0,0.2857142857142857
2016-05-09,30,4,0.20075,0.0,0.25
2016-05-09,30,8,0.118,1.0,0.125
2016-05-16,31,2,0.30275,0.0,0.3333333333333333
2016-05-16,31,4,0.21325,0.0,0.3076923076923077
2016-05-16,31,8,0.117,0.0,0.1111111111111111
2016-05-23,32,2,0.31125,1.0,0.3125
2016-05-23,32,4,0.2335,1.0,0.2857142857142857
2016-05-23,32,8,0.152,1.0,0.1
2016-05-31,33,2,0.286,1.0,0.29411764705882354
2016-05-31,33,4,0.21325,1.0,0.26666666666666666
2016-05-31,33,8,0.12825,1.0,0.09090909090909091
2016-06-07,34,2,0.3165,1.0,0.3333333333333333
2016-06-07,34,4,0.2365,1.0,0.25
2016-06-07,34,8,0.1505,0.0,0.08333333333333333
2016-06-14,35,2,0.32125,1.0,0.3684210526315789
2016-06-14,35,4,0.26625,1.0,0.23529411764705882
2016-06-14,35,8,0.18925,0.0,0.07692307692307693
2016-06-21,36,2,0.327,0.0,0.4
2016-06-21,36,4,0.24825,1.0,0.2777777777777778
2016-06-21,36,8,0.17525,0.0,0.07142857142857142
2016-06-28,37,2,0.33025,1.0,0.42857142857142855
2016-06-28,37,4,0.251,0.0,0.3157894736842105
2016-06-28,37,8,0.17525,0.0,0.13333333333333333
2016-07-06,38,2,0.31375,1.0,0.4090909090909091
2016-07-06,38,4,0.235,0.0,0.35
2016-07-06,38,8,0.169,0.0,0.1875
2016-07-13,39,2,0.308,0.0,0.43478260869565216
2016-07-13,39,4,0.22925,0.0,0.38095238095238093
2016-07-13,39,8,0.1585,0.0,0.17647058823529413
2016-07-20,40,2,0.333,0.0,0.4583333333333333
2016-07-20,40,4,0.2655,0.0,0.4090909090909091
2016-07-20,40,8,0.17675,0.0,0.2222222222222222
2016-07-27,41,2,0.3065,0.0,0.44
2016-07-27,41,4,0.23975,0.0,0.391304347826087
2016-07-27,41,8,0.1545,0.0,0.2631578947368421
2016-08-03,42,2,0.30425,0.0,0.4230769230769231
2016-08-03,42,4,0.228,0.0,0.375
2016-08-03,42,8,0.14875,0.0,0.25
2016-08-10,43,2,0.2965,0.0,0.4074074074074074
2016-08-10,43,4,0.22325,1.0,0.36
2016-08-10,43,8,0.143,0.0,0.23809523809523808
2016-08-17,44,2,0.3,1.0,0.39285714285714285
2016-08-17,44,4,0.21275,1.0,0.34615384615384615
2016-08-17,44,8,0.14275,1.0,0.22727272727272727
2016-08-24,45,2,0.293,1.0,0.3793103448275862
2016-08-24,45,4,0.21775,1.0,0.3333333333333333
2016-08-24,45,8,0.14225,0.0,0.21739130434782608
2016-08-31,46,2,0.3,0.0,0.4
2016-08-31,46,4,0.2135,0.0,0.32142857142857145
2016-08-31,46,8,0.13875,1.0,0.20833333333333334
2016-09-08,47,2,0.28875,0.0,0.41935483870967744
2016-09-08,47,4,0.20725,0.0,0.3448275862068966
2016-09-08,47,8,0.13325,0.0,0.2
2016-09-15,48,2,0.2985,0.0,0.40625
2016-09-15,48,4,0.2205,0.0,0.36666666666666664
2016-09-15,48,8,0.1325,0.0,0.19230769230769232
2016-09-22,49,2,0.31125,0.0,0.3939393939393939
2016-09-22,49,4,0.223,0.0,0.3870967741935484
2016-09-22,49,8,0.1425,0.0,0.18518518518518517
2016-09-29,50,2,0.2945,1.0,0.38235294117647056
2016-09-29,50,4,0.21575,1.0,0.375
2016-09-29,50,8,0.12925,0.0,0.17857142857142858
2016-10-06,51,2,0.293,1.0,0.37142857142857144
2016-10-06,51,4,0.22075,1.0,0.36363636363636365
2016-10-06,51,8,0.1305,0.0,0.1724137931034483
2016-10-14,52,2,0.29775,1.0,0.3888888888888889
2016-10-14,52,4,0.222,0.0,0.35294117647058826
2016-10-14,52,8,0.14225,0.0,0.2
2016-10-21,53,2,0.286,1.0,0.40540540540540543
2016-10-21,53,4,0.21375,0.0,0.34285714285714286
2016-10-21,53,8,0.1225,0.0,0.1935483870967742
2016-10-28,54,2,0.2955,0.0,0.42105263157894735
2016-10-28,54,4,0.21825,0.0,0.3611111111111111
2016-10-28,54,8,0.136,0.0,0.21875
2016-11-04,55,2,0.30375,0.0,0.4358974358974359
2016-11-04,55,4,0.21875,0.0,0.3783783783783784
2016-11-04,55,8,0.13625,0.0,0.21212121212121213
2016-11-14,56,2,0.306,0.0,0.425
2016-11-14,56,4,0.23475,0.0,0.3684210526315789
2016-11-14,56,8,0.15325,0.0,0.20588235294117646
2016-11-21,57,2,0.30325,0.0,0.4146341463414634
2016-11-21,57,4,0.22775,0.0,0.358974358974359
2016-11-21,57,8,0.1455,0.0,0.2
2016-11-29,58,2,0.29875,0.0,0.40476190476190477
2016-11-29,58,4,0.22225,0.0,0.35
2016-11-29,58,8,0.13,0.0,0.19444444444444445
2016-12-06,59,2,0.30625,1.0,0.3953488372093023
2016-12-06,59,4,0.23675,0.0,0.34146341463414637
2016-12-06,59,8,0.148,0.0,0.1891891891891892
2016-12-13,60,2,0.3105,0.0,0.38636363636363635
2016-12-13,60,4,0.237,1.0,0.3333333333333333
2016-12-13,60,8,0.1415,0.0,0.18421052631578946
2016-12-20,61,2,0.29025,0.0,0.4
2016-12-20,61,4,0.22175,0.0,0.32558139534883723
2016-12-20,61,8,0.132,0.0,0.1794871794871795
2016-12-28,62,2,0.30475,1.0,0.391304347826087
2016-12-28,62,4,0.2285,1.0,0.3181818181818182
2016-12-28,62,8,0.14025,0.0,0.175
2017-01-05,63,2,0.3005,1.0,0.3829787234042553
2017-01-05,63,4,0.2305,0.0,0.3111111111111111
2017-01-05,63,8,0.14875,0.0,0.17073170731707318
2017-01-12,64,2,0.3015,0.0,0.3958333333333333
2017-01-12,64,4,0.227,0.0,0.32608695652173914
2017-01-12,64,8,0.15225,0.0,0.16666666666666666
2017-01-20,65,2,0.3055,0.0,0.40816326530612246
2017-01-20,65,4,0.231,0.0,0.3191489361702128
2017-01-20,65,8,0.1485,0.0,0.16279069767441862
2017-01-27,66,2,0.30275,0.0,0.4
2017-01-27,66,4,0.22,0.0,0.3333333333333333
2017-01-27,66,8,0.13875,0.0,0.1590909090909091
2017-02-03,67,2,0.30175,0.0,0.39215686274509803
2017-02-03,67,4,0.22175,0.0,0.32653061224489793
2017-02-03,67,8,0.14525,0.0,0.15555555555555556
2017-02-10,68,2,0.30625,0.0,0.38461538461538464
2017-02-10,68,4,0.2205,0.0,0.32
2017-02-10,68,8,0.13325,0.0,0.15217391304347827
2017-02-17,69,2,0.27225,0.0,0.37735849056603776
2017-02-17,69,4,0.2035,0.0,0.3137254901960784
2017-02-17,69,8,0.132,0.0,0.14893617021276595
2017-02-27,70,2,0.3015,0.0,0.37037037037037035
2017-02-27,70,4,0.21325,0.0,0.3076923076923077
2017-02-27,70,8,0.1335,0.0,0.14583333333333334
2017-03-06,71,2,0.279,1.0,0.36363636363636365
2017-03-06,71,4,0.20775,0.0,0.3018867924528302
2017-03-06,71,8,0.13675,0.0,0.14285714285714285
2017-03-13,72,2,0.2805,0.0,0.35714285714285715
2017-03-13,72,4,0.191,0.0,0.2962962962962963
2017-03-13,72,8,0.11375,0.0,0.14
2017-03-20,73,2,0.282,0.0,0.3684210526315789
2017-03-20,73,4,0.19275,0.0,0.2909090909090909
2017-03-20,73,8,0.11475,0.0,0.13725490196078433
2017-03-27,74,2,0.28575,0.0,0.3620689655172414
2017-03-27,74,4,0.19925,0.0,0.2857142857142857
2017-03-27,74,8,0.10925,0.0,0.1346153846153846
2017-04-03,75,2,0.2685,1.0,0.3559322033898305
2017-04-03,75,4,0.18325,0.0,0.2807017543859649
2017-04-03,75,8,0.10825,0.0,0.1320754716981132
2017-04-10,76,2,0.25875,0.0,0.35
2017-04-10,76,4,0.169,0.0,0.27586206896551724
2017-04-10,76,8,0.08525,0.0,0.12962962962962962
2017-04-18,77,2,0.25425,0.0,0.36065573770491804
2017-04-18,77,4,0.1685,0.0,0.2711864406779661
2017-04-18,77,8,0.09275,0.0,0.12727272727272726
2017-04-25,78,2,0.2815,0.0,0.3548387096774194
2017-04-25,78,4,0.193,0.0,0.26666666666666666
2017-04-25,78,8,0.1165,0.0,0.125
2017-05-02,79,2,0.28725,0.0,0.3492063492063492
2017-05-02,79,4,0.20725,0.0,0.26229508196721313
2017-05-02,79,8,0.115,0.0,0.12280701754385964
2017-05-09,80,2,0.27125,0.0,0.34375
2017-05-09,80,4,0.1885,0.0,0.25806451612903225
2017-05-09,80,8,0.114,0.0,0.1206896551724138
2017-05-16,81,2,0.26825,0.0,0.3384615384615385
2017-05-16,81,4,0.19,0.0,0.25396825396825395
2017-05-16,81,8,0.11525,0.0,0.11864406779661017
2017-05-23,82,2,0.27875,0.0,0.3333333333333333
2017-05-23,82,4,0.198,0.0,0.25
2017-05-23,82,8,0.12525,0.0,0.11666666666666667
2017-05-31,83,2,0.264,0.0,0.3283582089552239
2017-05-31,83,4,0.19025,0.0,0.24615384615384617
2017-05-31,83,8,0.1085,0.0,0.11475409836065574
2017-06-07,84,2,0.2655,0.0,0.3235294117647059
2017-06-07,84,4,0.19025,0.0,0.24242424242424243
2017-06-07,84,8,0.10575,0.0,0.11290322580645161
2017-06-14,85,2,0.26675,0.0,0.3188405797101449
2017-06-14,85,4,0.197,0.0,0.23880597014925373
2017-06-14,85,8,0.10675,0.0,0.1111111111111111
2017-06-21,86,2,0.26725,1.0,0.3142857142857143
2017-06-21,86,4,0.184,1.0,0.23529411764705882
2017-06-21,86,8,0.10925,0.0,0.109375
2017-06-28,87,2,0.27325,1.0,0.30985915492957744
2017-06-28,87,4,0.208,1.0,0.2318840579710145
2017-06-28,87,8,0.12225,0.0,0.1076923076923077
2017-07-06,88,2,0.27425,1.0,0.3194444444444444
2017-07-06,88,4,0.2095,1.0,0.22857142857142856
2017-07-06,88,8,0.11575,0.0,0.10606060606060606
2017-07-13,89,2,0.288,1.0,0.3287671232876712
2017-07-13,89,4,0.2155,1.0,0.22535211267605634
2017-07-13,89,8,0.12925,0.0,0.1044776119402985
2017-07-20,90,2,0.276,1.0,0.33783783783783783
2017-07-20,90,4,0.20075,0.0,0.2361111111111111
2017-07-20,90,8,0.121,0.0,0.10294117647058823
2017-07-27,91,2,0.26875,0.0,0.3466666666666667
2017-07-27,91,4,0.185,0.0,0.2465753424657534
2017-07-27,91,8,0.1115,0.0,0.10144927536231885
2017-08-03,92,2,0.28175,0.0,0.35526315789473684
2017-08-03,92,4,0.20225,0.0,0.25675675675675674
2017-08-03,92,8,0.12425,0.0,0.1
2017-08-10,93,2,0.27625,0.0,0.35064935064935066
2017-08-10,93,4,0.20125,0.0,0.26666666666666666
2017-08-10,93,8,0.1165,0.0,0.09859154929577464
2017-08-17,94,2,0.28275,0.0,0.34615384615384615
2017-08-17,94,4,0.21,1.0,0.2631578947368421
2017-08-17,94,8,0.11975,0.0,0.09722222222222222
2017-08-24,95,2,0.2675,0.0,0.34177215189873417
2017-08-24,95,4,0.19225,1.0,0.2597402597402597
2017-08-24,95,8,0.1195,0.0,0.0958904109589041
2017-08-31,96,2,0.2715,1.0,0.3375
2017-08-31,96,4,0.18475,0.0,0.2564102564102564
2017-08-31,96,8,0.12175,0.0,0.0945945945945946
2017-09-08,97,2,0.27775,1.0,0.3333333333333333
2017-09-08,97,4,0.19925,0.0,0.25316455696202533
2017-09-08,97,8,0.12075,0.0,0.09333333333333334
2017-09-15,98,2,0.272,0.0,0.34146341463414637
2017-09-15,98,4,0.19825,0.0,0.2625
2017-09-15,98,8,0.11125,0.0,0.09210526315789473
2017-09-22,99,2,0.27825,0.0,0.3493975903614458
2017-09-22,99,4,0.20375,0.0,0.2716049382716049
2017-09-22,99,8,0.12225,0.0,0.09090909090909091
2017-09-29,100,2,0.27025,0.0,0.34523809523809523
2017-09-29,100,4,0.19975,0.0,0.2682926829268293
2017-09-29,100,8,0.12,0.0,0.08974358974358974
2017-10-06,101,2,0.26575,0.0,0.3411764705882353
2017-10-06,101,4,0.19625,0.0,0.26506024096385544
2017-10-06,101,8,0.11575,0.0,0.08860759493670886
2017-10-13,102,2,0.2755,0.0,0.3372093023255814
2017-10-13,102,4,0.2045,0.0,0.2619047619047619
2017-10-13,102,8,0.12525,0.0,0.0875
2017-10-20,103,2,0.27325,0.0,0.3333333333333333
2017-10-20,103,4,0.20025,0.0,0.25882352941176473
2017-10-20,103,8,0.111,0.0,0.08641975308641975
2017-10-27,104,2,0.26675,0.0,0.32954545454545453
2017-10-27,104,4,0.19075,0.0,0.2558139534883721
2017-10-27,104,8,0.107,0.0,0.08536585365853659
2017-11-03,105,2,0.279,0.0,0.3258426966292135
2017-11-03,105,4,0.205,0.0,0.25287356321839083
2017-11-03,105,8,0.117,0.0,0.08433734939759036
2017-11-10,106,2,0.277,0.0,0.32222222222222224
2017-11-10,106,4,0.1875,0.0,0.25
2017-11-10,106,8,0.1075,0.0,0.08333333333333333
2017-11-17,107,2,0.2665,0.0,0.31868131868131866
2017-11-17,107,4,0.1885,0.0,0.24719101123595505
2017-11-17,107,8,0.1065,0.0,0.08235294117647059
2017-11-27,108,2,0.25925,0.0,0.31521739130434784
2017-11-27,108,4,0.17975,0.0,0.24444444444444444
2017-11-27,108,8,0.094,0.0,0.08139534883720931
2017-12-04,109,2,0.25925,0.0,0.3118279569892473
2017-12-04,109,4,0.18425,0.0,0.24175824175824176
2017-12-04,109,8,0.102,0.0,0.08045977011494253
2017-12-11,110,2,0.26075,0.0,0.30851063829787234
2017-12-11,110,4,0.185,0.0,0.2391304347826087
2017-12-11,110,8,0.1065,0.0,0.07954545454545454
2017-12-18,111,2,0.248,1.0,0.30526315789473685
2017-12-18,111,4,0.17575,0.0,0.23655913978494625
2017-12-18,111,8,0.09025,0.0,0.07865168539325842
2017-12-26,112,2,0.26175,0.0,0.3020833333333333
2017-12-26,112,4,0.17675,0.0,0.23404255319148937
2017-12-26,112,8,0.092,0.0,0.07777777777777778
2018-01-03,113,2,0.25075,0.0,0.30927835051546393
2018-01-03,113,4,0.17475,0.0,0.23157894736842105
2018-01-03,113,8,0.10075,0.0,0.07692307692307693
2018-01-10,114,2,0.2575,0.0,0.30612244897959184
2018-01-10,114,4,0.18425,0.0,0.22916666666666666
2018-01-10,114,8,0.0945,0.0,0.07608695652173914
2018-01-18,115,2,0.262,0.0,0.30303030303030304
2018-01-18,115,4,0.18325,0.0,0.2268041237113402
2018-01-18,115,8,0.10325,0.0,0.07526881720430108
2018-01-25,116,2,0.26625,0.0,0.3
2018-01-25,116,4,0.17925,0.0,0.22448979591836735
2018-01-25,116,8,0.0965,0.0,0.07446808510638298
2018-02-01,117,2,0.25425,0.0,0.297029702970297
2018-02-01,117,4,0.176,0.0,0.2222222222222222
2018-02-01,117,8,0.09725,0.0,0.07368421052631578
2018-02-08,118,2,0.2665,0.0,0.29411764705882354
2018-02-08,118,4,0.17725,0.0,0.22
2018-02-08,118,8,0.0915,0.0,0.07291666666666667
2018-02-15,119,2,0.26325,0.0,0.2912621359223301
2018-02-15,119,4,0.188,0.0,0.21782178217821782
2018-02-15,119,8,0.0975,0.0,0.07216494845360824
2018-02-23,120,2,0.25325,0.0,0.28846153846153844
2018-02-23,120,4,0.171,0.0,0.21568627450980393
2018-02-23,120,8,0.0865,0.0,0.07142857142857142
2018-03-02,121,2,0.25075,0.0,0.2857142857142857
2018-03-02,121,4,0.1715,0.0,0.21359223300970873
2018-03-02,121,8,0.0895,0.0,0.0707070707070707
2018-03-09,122,2,0.2565,0.0,0.2830188679245283
2018-03-09,122,4,0.16025,0.0,0.21153846153846154
2018-03-09,122,8,0.0865,0.0,0.07
2018-03-16,123,2,0.2385,0.0,0.2803738317757009
2018-03-16,123,4,0.16025,0.0,0.20952380952380953
2018-03-16,123,8,0.073,0.0,0.06930693069306931
2018-03-23,124,2,0.23225,0.0,0.2777777777777778
2018-03-23,124,4,0.157,0.0,0.20754716981132076
2018-03-23,124,8,0.07775,0.0,0.06862745098039216
2018-04-02,125,2,0.232,0.0,0.27522935779816515
2018-04-02,125,4,0.15525,0.0,0.205607476635514
2018-04-02,125,8,0.08225,0.0,0.06796116504854369
2018-04-09,126,2,0.2235,0.0,0.2727272727272727
2018-04-09,126,4,0.1575,0.0,0.2037037037037037
2018-04-09,126,8,0.079,0.0,0.0673076923076923
2018-04-16,127,2,0.226,1.0,0.2702702702702703
2018-04-16,127,4,0.14275,0.0,0.2018348623853211
2018-04-16,127,8,0.0665,0.0,0.06666666666666667
2018-04-23,128,2,0.229,0.0,0.26785714285714285
2018-04-23,128,4,0.1475,0.0,0.2
2018-04-23,128,8,0.07125,0.0,0.0660377358490566
2018-04-30,129,2,0.24275,0.0,0.2743362831858407
2018-04-30,129,4,0.15175,0.0,0.1981981981981982
2018-04-30,129,8,0.079,0.0,0.06542056074766354
2018-05-07,130,2,0.2335,0.0,0.2719298245614035
2018-05-07,130,4,0.13925,0.0,0.19642857142857142
2018-05-07,130,8,0.07,0.0,0.06481481481481481
2018-05-14,131,2,0.226,1.0,0.26956521739130435
2018-05-14,131,4,0.145,0.0,0.19469026548672566
2018-05-14,131,8,0.06675,0.0,0.06422018348623854
2018-05-21,132,2,0.2485,0.0,0.2672413793103448
2018-05-21,132,4,0.16175,0.0,0.19298245614035087
2018-05-21,132,8,0.08325,0.0,0.06363636363636363
2018-05-29,133,2,0.24425,0.0,0.27350427350427353
2018-05-29,133,4,0.16,0.0,0.19130434782608696
2018-05-29,133,8,0.0795,0.0,0.06306306306306306
2018-06-05,134,2,0.24475,0.0,0.2711864406779661
2018-06-05,134,4,0.15825,0.0,0.1896551724137931
2018-06-05,134,8,0.075,0.0,0.0625
2018-06-12,135,2,0.24175,0.0,0.2689075630252101
2018-06-12,135,4,0.15425,0.0,0.18803418803418803
2018-06-12,135,8,0.07225,0.0,0.061946902654867256
2018-06-19,136,2,0.221,0.0,0.26666666666666666
2018-06-19,136,4,0.1435,0.0,0.1864406779661017
2018-06-19,136,8,0.073,0.0,0.06140350877192982
2018-06-26,137,2,0.22025,0.0,0.2644628099173554
2018-06-26,137,4,0.14225,0.0,0.18487394957983194
2018-06-26,137,8,0.0635,0.0,0.06086956521739131
2018-07-03,138,2,0.23825,0.0,0.26229508196721313
2018-07-03,138,4,0.1465,0.0,0.18333333333333332
2018-07-03,138,8,0.0725,0.0,0.0603448275862069
2018-07-11,139,2,0.22925,0.0,0.2601626016260163
2018-07-11,139,4,0.14425,0.0,0.18181818181818182
2018-07-11,139,8,0.0725,0.0,0.05982905982905983
2018-07-18,140,2,0.22775,1.0,0.25806451612903225
2018-07-18,140,4,0.148,0.0,0.18032786885245902
2018-07-18,140,8,0.069,0.0,0.059322033898305086
2018-07-25,141,2,0.2345,0.0,0.256
2018-07-25,141,4,0.155,0.0,0.17886178861788618
2018-07-25,141,8,0.084,0.0,0.058823529411764705
2018-08-01,142,2,0.24,0.0,0.2619047619047619
2018-08-01,142,4,0.15325,0.0,0.1774193548387097
2018-08-01,142,8,0.074,0.0,0.058333333333333334
2018-08-08,143,2,0.24125,0.0,0.25984251968503935
2018-08-08,143,4,0.1615,0.0,0.176
2018-08-08,143,8,0.077,0.0,0.05785123966942149
2018-08-15,144,2,0.23475,0.0,0.2578125
2018-08-15,144,4,0.158,0.0,0.1746031746031746
2018-08-15,144,8,0.07675,0.0,0.05737704918032787
2018-08-22,145,2,0.21825,0.0,0.2558139534883721
2018-08-22,145,4,0.143,0.0,0.1732283464566929
2018-08-22,145,8,0.06275,1.0,0.056910569105691054
2018-08-29,146,2,0.2375,0.0,0.25384615384615383
2018-08-29,146,4,0.14925,0.0,0.171875
2018-08-29,146,8,0.07725,1.0,0.056451612903225805
2018-09-06,147,2,0.24025,0.0,0.25190839694656486
2018-09-06,147,4,0.15675,0.0,0.17054263565891473
2018-09-06,147,8,0.07725,1.0,0.056
2018-09-13,148,2,0.23525,0.0,0.25
2018-09-13,148,4,0.1435,1.0,0.16923076923076924
2018-09-13,148,8,0.0725,1.0,0.05555555555555555
2018-09-20,149,2,0.24175,1.0,0.24812030075187969
2018-09-20,149,4,0.163,1.0,0.16793893129770993
2018-09-20,149,8,0.08075,0.0,0.05511811023622047
2018-09-27,150,2,0.24025,1.0,0.2462686567164179
2018-09-27,150,4,0.1535,1.0,0.16666666666666666
2018-09-27,150,8,0.078,0.0,0.0546875
2018-10-04,151,2,0.29375,1.0,0.2518518518518518
2018-10-04,151,4,0.223,1.0,0.16541353383458646
2018-10-04,151,8,0.13875,0.0,0.05426356589147287
2018-10-11,152,2,0.28725,1.0,0.25735294117647056
2018-10-11,152,4,0.226,0.0,0.17164179104477612
2018-10-11,152,8,0.138,0.0,0.05384615384615385
2018-10-18,153,2,0.31725,0.0,0.26277372262773724
2018-10-18,153,4,0.24475,0.0,0.17777777777777778
2018-10-18,153,8,0.1585,0.0,0.061068702290076333
2018-10-25,154,2,0.31075,0.0,0.26811594202898553
2018-10-25,154,4,0.251,0.0,0.18382352941176472
2018-10-25,154,8,0.166,0.0,0.06818181818181818
2018-11-01,155,2,0.33525,0.0,0.26618705035971224
2018-11-01,155,4,0.25675,0.0,0.1897810218978102
2018-11-01,155,8,0.17275,0.0,0.07518796992481203
2018-11-08,156,2,0.31825,0.0,0.2642857142857143
2018-11-08,156,4,0.249,0.0,0.18840579710144928
2018-11-08,156,8,0.178,0.0,0.08208955223880597
2018-11-15,157,2,0.32675,0.0,0.2624113475177305
2018-11-15,157,4,0.2555,0.0,0.18705035971223022
2018-11-15,157,8,0.178,0.0,0.08148148148148149
2018-11-23,158,2,0.307,0.0,0.2605633802816901
2018-11-23,158,4,0.24075,0.0,0.18571428571428572
2018-11-23,158,8,0.166,0.0,0.08088235294117647
2018-11-30,159,2,0.3245,0.0,0.25874125874125875
2018-11-30,159,4,0.26275,0.0,0.18439716312056736
2018-11-30,159,8,0.18625,0.0,0.08029197080291971
2018-12-10,160,2,0.3235,0.0,0.2569444444444444
2018-12-10,160,4,0.245,0.0,0.18309859154929578
2018-12-10,160,8,0.1655,0.0,0.07971014492753623
2018-12-17,161,2,0.315,1.0,0.25517241379310346
2018-12-17,161,4,0.23175,1.0,0.18181818181818182
2018-12-17,161,8,0.168,0.0,0.07913669064748201
2018-12-24,162,2,0.32325,0.0,0.2534246575342466
2018-12-24,162,4,0.267,0.0,0.18055555555555555
2018-12-24,162,8,0.183,0.0,0.07857142857142857
2019-01-02,163,2,0.33025,0.0,0.2585034013605442
2019-01-02,163,4,0.251,1.0,0.1793103448275862
2019-01-02,163,8,0.17875,0.0,0.07801418439716312
2019-01-09,164,2,0.317,0.0,0.25675675675675674
2019-01-09,164,4,0.25725,0.0,0.1780821917808219
2019-01-09,164,8,0.17325,0.0,0.07746478873239436
2019-01-16,165,2,0.30575,1.0,0.2550335570469799
2019-01-16,165,4,0.2375,0.0,0.1836734693877551
2019-01-16,165,8,0.166,0.0,0.07692307692307693
2019-01-24,166,2,0.3025,0.0,0.25333333333333335
2019-01-24,166,4,0.233,0.0,0.18243243243243243
2019-01-24,166,8,0.16075,0.0,0.0763888888888889
2019-01-31,167,2,0.30825,0.0,0.2582781456953642
2019-01-31,167,4,0.25225,0.0,0.18791946308724833
2019-01-31,167,8,0.158,0.0,0.07586206896551724
2019-02-07,168,2,0.3015,0.0,0.2565789473684211
2019-02-07,168,4,0.22625,0.0,0.18666666666666668
2019-02-07,168,8,0.14425,0.0,0.07534246575342465
2019-02-14,169,2,0.30025,0.0,0.2549019607843137
2019-02-14,169,4,0.22275,0.0,0.18543046357615894
2019-02-14,169,8,0.1435,0.0,0.07482993197278912
2019-02-22,170,2,0.29975,0.0,0.2532467532467532
2019-02-22,170,4,0.222,0.0,0.18421052631578946
2019-02-22,170,8,0.14,0.0,0.07432432432432433
2019-03-01,171,2,0.286,0.0,0.25161290322580643
2019-03-01,171,4,0.21325,0.0,0.1830065359477124
2019-03-01,171,8,0.13925,0.0,0.0738255033557047
2019-03-08,172,2,0.2905,0.0,0.25
2019-03-08,172,4,0.22475,0.0,0.18181818181818182
2019-03-08,172,8,0.141,0.0,0.07333333333333333
2019-03-15,173,2,0.29175,0.0,0.2484076433121019
2019-03-15,173,4,0.21025,0.0,0.18064516129032257
2019-03-15,173,8,0.13125,0.0,0.0728476821192053
2019-03-22,174,2,0.278,0.0,0.2468354430379747
2019-03-22,174,4,0.20975,0.0,0.1794871794871795
2019-03-22,174,8,0.12775,0.0,0.07236842105263158
2019-03-29,175,2,0.259,0.0,0.24528301886792453
2019-03-29,175,4,0.20175,0.0,0.17834394904458598
2019-03-29,175,8,0.10325,0.0,0.0718954248366013
2019-04-05,176,2,0.2765,0.0,0.24375
2019-04-05,176,4,0.20275,0.0,0.17721518987341772
2019-04-05,176,8,0.123,0.0,0.07142857142857142
2019-04-12,177,2,0.264,0.0,0.2422360248447205
2019-04-12,177,4,0.19025,0.0,0.1761006289308176
2019-04-12,177,8,0.1205,0.0,0.07096774193548387
2019-04-22,178,2,0.271,0.0,0.24074074074074073
2019-04-22,178,4,0.2075,0.0,0.175
2019-04-22,178,8,0.12825,0.0,0.07051282051282051
2019-04-29,179,2,0.282,0.0,0.2392638036809816
2019-04-29,179,4,0.20725,0.0,0.17391304347826086
2019-04-29,179,8,0.125,1.0,0.07006369426751592
2019-05-06,180,2,0.278,0.0,0.23780487804878048
2019-05-06,180,4,0.20375,1.0,0.1728395061728395
2019-05-06,180,8,0.12175,1.0,0.06962025316455696
2019-05-13,181,2,0.26725,1.0,0.23636363636363636
2019-05-13,181,4,0.19675,1.0,0.17177914110429449
2019-05-13,181,8,0.11575,1.0,0.06918238993710692
2019-05-20,182,2,0.268,1.0,0.23493975903614459
2019-05-20,182,4,0.19025,0.0,0.17073170731707318
2019-05-20,182,8,0.1155,1.0,0.06875
2019-05-28,183,2,0.29575,0.0,0.23952095808383234
2019-05-28,183,4,0.21325,1.0,0.1696969696969697
2019-05-28,183,8,0.1385,0.0,0.06832298136645963
2019-06-04,184,2,0.2975,0.0,0.24404761904761904
2019-06-04,184,4,0.222,0.0,0.1746987951807229
2019-06-04,184,8,0.15225,0.0,0.06790123456790123
2019-06-11,185,2,0.307,1.0,0.24260355029585798
2019-06-11,185,4,0.2465,1.0,0.17964071856287425
2019-06-11,185,8,0.16975,0.0,0.06748466257668712
2019-06-18,186,2,0.31375,1.0,0.2411764705882353
2019-06-18,186,4,0.2355,1.0,0.17857142857142858
2019-06-18,186,8,0.15425,0.0,0.06707317073170732
2019-06-25,187,2,0.32975,0.0,0.24561403508771928
2019-06-25,187,4,0.27425,0.0,0.1834319526627219
2019-06-25,187,8,0.18425,0.0,0.07272727272727272
2019-07-02,188,2,0.3225,0.0,0.25
2019-07-02,188,4,0.25675,0.0,0.18235294117647058
2019-07-02,188,8,0.176,0.0,0.0783132530120482
2019-07-10,189,2,0.3285,0.0,0.24855491329479767
2019-07-10,189,4,0.2695,0.0,0.1871345029239766
2019-07-10,189,8,0.18525,0.0,0.08383233532934131
2019-07-17,190,2,0.3345,0.0,0.2471264367816092
2019-07-17,190,4,0.26675,0.0,0.19186046511627908
2019-07-17,190,8,0.191,0.0,0.08928571428571429
2019-07-24,191,2,0.33075,0.0,0.24571428571428572
2019-07-24,191,4,0.2685,0.0,0.1907514450867052
2019-07-24,191,8,0.18975,0.0,0.08875739644970414
2019-07-31,192,2,0.3275,0.0,0.24431818181818182
2019-07-31,192,4,0.24225,0.0,0.1896551724137931
2019-07-31,192,8,0.15775,0.0,0.08823529411764706
2019-08-07,193,2,0.30475,0.0,0.24293785310734464
2019-08-07,193,4,0.232,0.0,0.18857142857142858
2019-08-07,193,8,0.16225,0.0,0.08771929824561403
2019-08-14,194,2,0.3095,0.0,0.24157303370786518
2019-08-14,194,4,0.25175,0.0,0.1875
2019-08-14,194,8,0.1605,0.0,0.0872093023255814
2019-08-21,195,2,0.3085,0.0,0.24022346368715083
2019-08-21,195,4,0.23825,0.0,0.1864406779661017
2019-08-21,195,8,0.15575,0.0,0.08670520231213873
2019-08-28,196,2,0.2885,1.0,0.2388888888888889
2019-08-28,196,4,0.2255,0.0,0.1853932584269663
2019-08-28,196,8,0.153,0.0,0.08620689655172414
2019-09-05,197,2,0.282,1.0,0.23756906077348067
2019-09-05,197,4,0.20625,1.0,0.18435754189944134
2019-09-05,197,8,0.14575,0.0,0.08571428571428572
2019-09-12,198,2,0.28425,0.0,0.24175824175824176
2019-09-12,198,4,0.22375,0.0,0.18333333333333332
2019-09-12,198,8,0.1405,0.0,0.08522727272727272
2019-09-19,199,2,0.28775,1.0,0.2459016393442623
2019-09-19,199,4,0.2285,0.0,0.18232044198895028
2019-09-19,199,8,0.14475,0.0,0.0847457627118644
2019-09-26,200,2,0.28375,0.0,0.24456521739130435
2019-09-26,200,4,0.216,0.0,0.1813186813186813
2019-09-26,200,8,0.13425,1.0,0.08426966292134831
2019-10-03,201,2,0.263,0.0,0.24864864864864866
2019-10-03,201,4,0.20825,0.0,0.18579234972677597
2019-10-03,201,8,0.1215,1.0,0.08379888268156424
2019-10-10,202,2,0.284,1.0,0.24731182795698925
2019-10-10,202,4,0.214,1.0,0.18478260869565216
2019-10-10,202,8,0.131,1.0,0.08333333333333333
2019-10-17,203,2,0.27975,1.0,0.24598930481283424
2019-10-17,203,4,0.1985,1.0,0.1837837837837838
2019-10-17,203,8,0.11475,1.0,0.08287292817679558
2019-10-24,204,2,0.2825,1.0,0.25
2019-10-24,204,4,0.20525,1.0,0.1827956989247312
2019-10-24,204,8,0.11775,1.0,0.08241758241758242
2019-10-31,205,2,0.2935,1.0,0.25396825396825395
2019-10-31,205,4,0.217,1.0,0.18181818181818182
2019-10-31,205,8,0.1375,1.0,0.08196721311475409
2019-11-07,206,2,0.291,1.0,0.2578947368421053
2019-11-07,206,4,0.21025,1.0,0.18617021276595744
2019-11-07,206,8,0.127,0.0,0.08152173913043478
2019-11-14,207,2,0.2785,1.0,0.2617801047120419
2019-11-14,207,4,0.208,1.0,0.19047619047619047
2019-11-14,207,8,0.1295,0.0,0.08108108108108109
2019-11-21,208,2,0.32075,1.0,0.265625
2019-11-21,208,4,0.252,1.0,0.19473684210526315
2019-11-21,208,8,0.172,0.0,0.08602150537634409
2019-11-29,209,2,0.32175,1.0,0.2694300518134715
2019-11-29,209,4,0.25525,1.0,0.19895287958115182
2019-11-29,209,8,0.17425,0.0,0.09090909090909091
2019-12-06,210,2,0.32925,1.0,0.27319587628865977
2019-12-06,210,4,0.25225,0.0,0.203125
2019-12-06,210,8,0.17275,0.0,0.09574468085106383
2019-12-13,211,2,0.3255,0.0,0.27692307692307694
2019-12-13,211,4,0.2645,0.0,0.20725388601036268
2019-12-13,211,8,0.19925,0.0,0.10052910052910052
2019-12-20,212,2,0.32925,0.0,0.28061224489795916
2019-12-20,212,4,0.277,0.0,0.211340206185567
2019-12-20,212,8,0.20275,0.0,0.10526315789473684
2019-12-30,213,2,0.35075,0.0,0.27918781725888325
2019-12-30,213,4,0.29775,0.0,0.2153846153846154
2019-12-30,213,8,0.22775,0.0,0.1099476439790576
2020-01-07,214,2,0.34725,0.0,0.2777777777777778
2020-01-07,214,4,0.28575,0.0,0.21428571428571427
2020-01-07,214,8,0.20175,0.0,0.109375
2020-01-14,215,2,0.32625,0.0,0.27638190954773867
2020-01-14,215,4,0.27375,0.0,0.2131979695431472
2020-01-14,215,8,0.19075,0.0,0.10880829015544041
2020-01-22,216,2,0.33025,0.0,0.275
2020-01-22,216,4,0.26125,0.0,0.21212121212121213
2020-01-22,216,8,0.18675,0.0,0.10824742268041238
2020-01-29,217,2,0.32825,0.0,0.2736318407960199
2020-01-29,217,4,0.268,0.0,0.21105527638190955
2020-01-29,217,8,0.1855,1.0,0.1076923076923077
2020-02-05,218,2,0.305,1.0,0.2722772277227723
2020-02-05,218,4,0.25225,1.0,0.21
2020-02-05,218,8,0.17725,1.0,0.10714285714285714
2020-02-12,219,2,0.3185,1.0,0.270935960591133
2020-02-12,219,4,0.2405,1.0,0.208955223880597
2020-02-12,219,8,0.16375,1.0,0.1065989847715736
2020-02-20,220,2,0.3315,1.0,0.27450980392156865
2020-02-20,220,4,0.26525,1.0,0.2079207920792079
2020-02-20,220,8,0.191,0.0,0.10606060606060606
2020-02-27,221,2,0.329,0.0,0.2780487804878049
2020-02-27,221,4,0.2595,1.0,0.20689655172413793
2020-02-27,221,8,0.1895,0.0,0.10552763819095477
2020-03-05,222,2,0.3465,1.0,0.2815533980582524
2020-03-05,222,4,0.302,1.0,0.2107843137254902
2020-03-05,222,8,0.23675,0.0,0.105
2020-03-12,223,2,0.36025,1.0,0.28019323671497587
2020-03-12,223,4,0.303,1.0,0.2146341463414634
2020-03-12,223,8,0.23675,0.0,0.1044776119402985
2020-03-19,224,2,0.3795,1.0,0.28365384615384615
2020-03-19,224,4,0.33725,0.0,0.21844660194174756
2020-03-19,224,8,0.277,0.0,0.10396039603960396
2020-03-26,225,2,0.36275,0.0,0.28708133971291866
2020-03-26,225,4,0.33675,0.0,0.2222222222222222
2020-03-26,225,8,0.259,0.0,0.10837438423645321
2020-04-02,226,2,0.369,0.0,0.2904761904761905
2020-04-02,226,4,0.32225,0.0,0.22596153846153846
2020-04-02,226,8,0.26525,0.0,0.11274509803921569
2020-04-09,227,2,0.375,0.0,0.2890995260663507
2020-04-09,227,4,0.33175,0.0,0.22966507177033493
2020-04-09,227,8,0.25825,0.0,0.11707317073170732
2020-04-17,228,2,0.3505,0.0,0.28773584905660377
2020-04-17,228,4,0.303,0.0,0.22857142857142856
2020-04-17,228,8,0.24875,0.0,0.11650485436893204
2020-04-24,229,2,0.3605,1.0,0.2863849765258216
2020-04-24,229,4,0.31075,0.0,0.22748815165876776
2020-04-24,229,8,0.2445,0.0,0.11594202898550725
2020-05-01,230,2,0.351,0.0,0.2850467289719626
2020-05-01,230,4,0.2955,0.0,0.22641509433962265
2020-05-01,230,8,0.22375,0.0,0.11538461538461539
2020-05-08,231,2,0.32875,0.0,0.28837209302325584
2020-05-08,231,4,0.28,0.0,0.22535211267605634
2020-05-08,231,8,0.21,0.0,0.11483253588516747
2020-05-15,232,2,0.338,0.0,0.28703703703703703
2020-05-15,232,4,0.2725,0.0,0.22429906542056074
2020-05-15,232,8,0.1965,0.0,0.11428571428571428
2020-05-22,233,2,0.32675,0.0,0.2857142857142857
2020-05-22,233,4,0.26825,0.0,0.22325581395348837
2020-05-22,233,8,0.183,0.0,0.11374407582938388
2020-06-01,234,2,0.32975,0.0,0.28440366972477066
2020-06-01,234,4,0.27725,0.0,0.2222222222222222
2020-06-01,234,8,0.19175,1.0,0.11320754716981132
2020-06-08,235,2,0.2895,0.0,0.2831050228310502
2020-06-08,235,4,0.2365,0.0,0.22119815668202766
2020-06-08,235,8,0.15175,1.0,0.11267605633802817
2020-06-15,236,2,0.282,1.0,0.2818181818181818
2020-06-15,236,4,0.2115,0.0,0.22018348623853212
2020-06-15,236,8,0.13,1.0,0.11214953271028037
2020-06-22,237,2,0.287,0.0,0.28054298642533937
2020-06-22,237,4,0.22575,0.0,0.2191780821917808
2020-06-22,237,8,0.142,1.0,0.11162790697674418
2020-06-29,238,2,0.286,0.0,0.28378378378378377
2020-06-29,238,4,0.206,1.0,0.21818181818181817
2020-06-29,238,8,0.12575,1.0,0.1111111111111111
2020-07-07,239,2,0.3075,0.0,0.2825112107623318
2020-07-07,239,4,0.2485,1.0,0.2171945701357466
2020-07-07,239,8,0.163,1.0,0.11059907834101383
2020-07-14,240,2,0.28775,1.0,0.28125
2020-07-14,240,4,0.226,1.0,0.21621621621621623
2020-07-14,240,8,0.14525,1.0,0.11009174311926606
2020-07-21,241,2,0.308,1.0,0.28
2020-07-21,241,4,0.23775,1.0,0.21524663677130046
2020-07-21,241,8,0.16275,1.0,0.1095890410958904
2020-07-28,242,2,0.33375,0.0,0.2831858407079646
2020-07-28,242,4,0.2635,1.0,0.21875
2020-07-28,242,8,0.1975,0.0,0.11363636363636363
2020-08-04,243,2,0.325,0.0,0.28634361233480177
2020-08-04,243,4,0.28175,1.0,0.2222222222222222
2020-08-04,243,8,0.2065,0.0,0.11764705882352941
2020-08-11,244,2,0.32275,1.0,0.2850877192982456
2020-08-11,244,4,0.274,1.0,0.22566371681415928
2020-08-11,244,8,0.1895,0.0,0.12162162162162163
2020-08-18,245,2,0.3275,1.0,0.2838427947598253
2020-08-18,245,4,0.26625,0.0,0.2290748898678414
2020-08-18,245,8,0.2055,0.0,0.12556053811659193
2020-08-25,246,2,0.32275,1.0,0.28695652173913044
2020-08-25,246,4,0.2625,0.0,0.2324561403508772
2020-08-25,246,8,0.18775,0.0,0.12946428571428573
2020-09-01,247,2,0.3315,0.0,0.29004329004329005
2020-09-01,247,4,0.2695,0.0,0.23580786026200873
2020-09-01,247,8,0.1855,0.0,0.13333333333333333
2020-09-09,248,2,0.31575,0.0,0.29310344827586204
2020-09-09,248,4,0.26,0.0,0.2391304347826087
2020-09-09,248,8,0.17875,0.0,0.13716814159292035
2020-09-16,249,2,0.345,0.0,0.2918454935622318
2020-09-16,249,4,0.279,0.0,0.23809523809523808
2020-09-16,249,8,0.20825,0.0,0.14096916299559473
2020-09-23,250,2,0.33325,0.0,0.2905982905982906
2020-09-23,250,4,0.2675,0.0,0.23706896551724138
2020-09-23,250,8,0.1895,0.0,0.14035087719298245
2020-09-30,251,2,0.34275,0.0,0.28936170212765955
2020-09-30,251,4,0.274,0.0,0.23605150214592274
2020-09-30,251,8,0.199,0.0,0.13973799126637554
2020-10-07,252,2,0.3285,0.0,0.288135593220339
2020-10-07,252,4,0.25875,0.0,0.23504273504273504
2020-10-07,252,8,0.18325,0.0,0.1391304347826087
2020-10-14,253,2,0.31075,0.0,0.2869198312236287
2020-10-14,253,4,0.25025,0.0,0.23404255319148937
2020-10-14,253,8,0.17275,0.0,0.13852813852813853
2020-10-21,254,2,0.311,0.0,0.2857142857142857
2020-10-21,254,4,0.23975,1.0,0.2330508474576271
2020-10-21,254,8,0.16475,1.0,0.13793103448275862
2020-10-28,255,2,0.3035,0.0,0.28451882845188287
2020-10-28,255,4,0.23175,0.0,0.2320675105485232
2020-10-28,255,8,0.15475,1.0,0.13733905579399142
2020-11-04,256,2,0.29075,1.0,0.2833333333333333
2020-11-04,256,4,0.2055,1.0,0.23109243697478993
2020-11-04,256,8,0.13325,1.0,0.13675213675213677
2020-11-11,257,2,0.28025,1.0,0.2821576763485477
2020-11-11,257,4,0.21425,1.0,0.2301255230125523
2020-11-11,257,8,0.11975,0.0,0.13617021276595745
2020-11-18,258,2,0.3145,0.0,0.28512396694214875
2020-11-18,258,4,0.23875,0.0,0.23333333333333334
2020-11-18,258,8,0.1615,0.0,0.13559322033898305
2020-11-25,259,2,0.31075,1.0,0.2880658436213992
2020-11-25,259,4,0.237,1.0,0.23236514522821577
2020-11-25,259,8,0.16775,0.0,0.1350210970464135
2020-12-03,260,2,0.32975,1.0,0.28688524590163933
2020-12-03,260,4,0.266,0.0,0.23553719008264462
2020-12-03,260,8,0.199,0.0,0.13445378151260504
2020-12-10,261,2,0.33575,1.0,0.2897959183673469
2020-12-10,261,4,0.2655,0.0,0.23868312757201646
2020-12-10,261,8,0.191,0.0,0.13389121338912133
2020-12-17,262,2,0.3355,0.0,0.2926829268292683
2020-12-17,262,4,0.272,0.0,0.23770491803278687
2020-12-17,262,8,0.19325,0.0,0.1375
2020-12-24,263,2,0.30675,0.0,0.29554655870445345
2020-12-24,263,4,0.239,0.0,0.24081632653061225
2020-12-24,263,8,0.163,0.0,0.14107883817427386
2021-01-04,264,2,0.3,0.0,0.29435483870967744
2021-01-04,264,4,0.2505,0.0,0.23983739837398374
2021-01-04,264,8,0.17025,0.0,0.1446280991735537
2021-01-11,265,2,0.3115,0.0,0.2931726907630522
2021-01-11,265,4,0.25075,0.0,0.2388663967611336
2021-01-11,265,8,0.16575,0.0,0.1440329218106996
2021-01-19,266,2,0.3165,0.0,0.292
2021-01-19,266,4,0.24375,0.0,0.23790322580645162
2021-01-19,266,8,0.166,0.0,0.14344262295081966
2021-01-26,267,2,0.30075,0.0,0.2908366533864542
2021-01-26,267,4,0.222,1.0,0.23694779116465864
2021-01-26,267,8,0.14675,0.0,0.14285714285714285
2021-02-02,268,2,0.29175,0.0,0.2896825396825397
2021-02-02,268,4,0.21475,1.0,0.236
2021-02-02,268,8,0.13425,0.0,0.14227642276422764
2021-02-09,269,2,0.2785,1.0,0.2885375494071146
2021-02-09,269,4,0.20775,1.0,0.2350597609561753
2021-02-09,269,8,0.11875,0.0,0.1417004048582996
2021-02-17,270,2,0.26975,1.0,0.2874015748031496
2021-02-17,270,4,0.202,1.0,0.23412698412698413
2021-02-17,270,8,0.13,0.0,0.14112903225806453
2021-02-24,271,2,0.2965,0.0,0.2901960784313726
2021-02-24,271,4,0.22125,0.0,0.23715415019762845
2021-02-24,271,8,0.14725,0.0,0.14056224899598393
2021-03-03,272,2,0.309,0.0,0.29296875
2021-03-03,272,4,0.234,0.0,0.24015748031496062
2021-03-03,272,8,0.144,0.0,0.14
2021-03-10,273,2,0.28225,0.0,0.2918287937743191
2021-03-10,273,4,0.20675,0.0,0.24313725490196078
2021-03-10,273,8,0.14075,1.0,0.1394422310756972
2021-03-17,274,2,0.2915,0.0,0.29069767441860467
2021-03-17,274,4,0.20875,0.0,0.24609375
2021-03-17,274,8,0.134,0.0,0.1388888888888889
2021-03-24,275,2,0.29275,0.0,0.28957528957528955
2021-03-24,275,4,0.225,0.0,0.245136186770428
2021-03-24,275,8,0.14625,1.0,0.1383399209486166
2021-03-31,276,2,0.29425,1.0,0.28846153846153844
2021-03-31,276,4,0.238,1.0,0.2441860465116279
2021-03-31,276,8,0.15475,1.0,0.1377952755905512
2021-04-08,277,2,0.325,1.0,0.28735632183908044
2021-04-08,277,4,0.24925,1.0,0.24324324324324326
2021-04-08,277,8,0.165,1.0,0.13725490196078433
2021-04-15,278,2,0.2875,1.0,0.2900763358778626
2021-04-15,278,4,0.21875,1.0,0.2423076923076923
2021-04-15,278,8,0.151,1.0,0.13671875
2021-04-22,279,2,0.29775,1.0,0.29277566539923955
2021-04-22,279,4,0.2295,1.0,0.2413793103448276
2021-04-22,279,8,0.1425,0.0,0.13618677042801555
2021-04-29,280,2,0.305,0.0,0.29545454545454547
2021-04-29,280,4,0.23325,1.0,0.24427480916030533
2021-04-29,280,8,0.15575,0.0,0.13565891472868216
2021-05-06,281,2,0.333,0.0,0.2981132075471698
2021-05-06,281,4,0.2795,0.0,0.24714828897338403
2021-05-06,281,8,0.20675,0.0,0.138996138996139
2021-05-13,282,2,0.32575,1.0,0.29699248120300753
2021-05-13,282,4,0.267,0.0,0.25
2021-05-13,282,8,0.18875,0.0,0.13846153846153847
2021-05-20,283,2,0.32525,1.0,0.2958801498127341
2021-05-20,283,4,0.2555,0.0,0.2528301886792453
2021-05-20,283,8,0.19175,0.0,0.1417624521072797
2021-05-27,284,2,0.31275,0.0,0.29850746268656714
2021-05-27,284,4,0.25325,0.0,0.2556390977443609
2021-05-27,284,8,0.17925,1.0,0.1450381679389313
2021-06-04,285,2,0.326,0.0,0.30111524163568776
2021-06-04,285,4,0.25175,0.0,0.2546816479400749
2021-06-04,285,8,0.18375,0.0,0.1482889733840304
2021-06-11,286,2,0.311,0.0,0.3
2021-06-11,286,4,0.2505,0.0,0.2537313432835821
2021-06-11,286,8,0.16325,1.0,0.15151515151515152
2021-06-18,287,2,0.32675,0.0,0.2988929889298893
2021-06-18,287,4,0.257,0.0,0.2527881040892193
2021-06-18,287,8,0.181,1.0,0.1509433962264151
2021-06-25,288,2,0.30275,0.0,0.2977941176470588
2021-06-25,288,4,0.23475,1.0,0.2518518518518518
2021-06-25,288,8,0.1635,1.0,0.15037593984962405
2021-07-02,289,2,0.31775,0.0,0.2967032967032967
2021-07-02,289,4,0.2505,1.0,0.25092250922509224
2021-07-02,289,8,0.17,1.0,0.149812734082397
2021-07-12,290,2,0.3125,1.0,0.2956204379562044
2021-07-12,290,4,0.25375,1.0,0.25
2021-07-12,290,8,0.17,1.0,0.14925373134328357
2021-07-19,291,2,0.31375,1.0,0.29454545454545455
2021-07-19,291,4,0.25675,1.0,0.2490842490842491
2021-07-19,291,8,0.17875,1.0,0.14869888475836432
2021-07-26,292,2,0.41625,0.0,0.2971014492753623
2021-07-26,292,4,0.37275,0.0,0.2518248175182482
2021-07-26,292,8,0.32925,0.0,0.15185185185185185
2021-08-02,293,2,0.4025,1.0,0.2996389891696751
2021-08-02,293,4,0.36775,1.0,0.2545454545454545
2021-08-02,293,8,0.318,0.0,0.15129151291512916
2021-08-09,294,2,0.3805,0.0,0.29856115107913667
2021-08-09,294,4,0.35525,0.0,0.2572463768115942
2021-08-09,294,8,0.298,0.0,0.15441176470588236
2021-08-16,295,2,0.39425,1.0,0.3010752688172043
2021-08-16,295,4,0.34225,0.0,0.259927797833935
2021-08-16,295,8,0.284,1.0,0.1575091575091575
2021-08-23,296,2,0.359,1.0,0.3
2021-08-23,296,4,0.3065,0.0,0.2589928057553957
2021-08-23,296,8,0.242,0.0,0.16058394160583941
2021-08-30,297,2,0.35225,0.0,0.302491103202847
2021-08-30,297,4,0.3005,0.0,0.2616487455197133
2021-08-30,297,8,0.2315,0.0,0.16363636363636364
2021-09-07,298,2,0.32925,0.0,0.3049645390070922
2021-09-07,298,4,0.2635,0.0,0.26071428571428573
2021-09-07,298,8,0.1915,0.0,0.16666666666666666
2021-09-14,299,2,0.31675,1.0,0.303886925795053
2021-09-14,299,4,0.24825,1.0,0.2597864768683274
2021-09-14,299,8,0.17625,0.0,0.16967509025270758
2021-09-21,300,2,0.313,1.0,0.3028169014084507
2021-09-21,300,4,0.24225,1.0,0.25886524822695034
2021-09-21,300,8,0.1665,1.0,0.16906474820143885
2021-09-28,301,2,0.30825,1.0,0.30526315789473685
2021-09-28,301,4,0.249,0.0,0.2579505300353357
2021-09-28,301,8,0.177,1.0,0.16845878136200718
2021-10-05,302,2,0.348,1.0,0.3076923076923077
2021-10-05,302,4,0.2855,1.0,0.25704225352112675
2021-10-05,302,8,0.22575,1.0,0.16785714285714284
2021-10-12,303,2,0.3665,0.0,0.31010452961672474
2021-10-12,303,4,0.30475,0.0,0.2596491228070175
2021-10-12,303,8,0.237,1.0,0.1708185053380783
2021-10-19,304,2,0.34425,0.0,0.3125
2021-10-19,304,4,0.28225,1.0,0.26223776223776224
2021-10-19,304,8,0.21275,1.0,0.1702127659574468
2021-10-26,305,2,0.338,0.0,0.31141868512110726
2021-10-26,305,4,0.28175,1.0,0.2613240418118467
2021-10-26,305,8,0.209,1.0,0.1696113074204947
2021-11-02,306,2,0.32375,1.0,0.3103448275862069
2021-11-02,306,4,0.27,1.0,0.2638888888888889
2021-11-02,306,8,0.1865,0.0,0.16901408450704225
2021-11-09,307,2,0.31375,1.0,0.30927835051546393
2021-11-09,307,4,0.2635,1.0,0.2629757785467128
2021-11-09,307,8,0.18925,0.0,0.16842105263157894
2021-11-16,308,2,0.335,1.0,0.3116438356164384
2021-11-16,308,4,0.27075,0.0,0.2655172413793103
2021-11-16,308,8,0.19225,0.0,0.17132867132867133
2021-11-23,309,2,0.35925,0.0,0.31399317406143346
2021-11-23,309,4,0.31,0.0,0.26804123711340205
2021-11-23,309,8,0.2435,0.0,0.17421602787456447
2021-12-01,310,2,0.34775,0.0,0.3163265306122449
2021-12-01,310,4,0.3025,0.0,0.2705479452054795
2021-12-01,310,8,0.23,0.0,0.17708333333333334
2021-12-08,311,2,0.336,0.0,0.3152542372881356
2021-12-08,311,4,0.29225,0.0,0.27303754266211605
2021-12-08,311,8,0.20825,0.0,0.17993079584775087
2021-12-15,312,2,0.3375,0.0,0.3141891891891892
2021-12-15,312,4,0.285,0.0,0.272108843537415
2021-12-15,312,8,0.206,0.0,0.18275862068965518
2021-12-22,313,2,0.3425,0.0,0.31313131313131315
2021-12-22,313,4,0.2835,0.0,0.2711864406779661
2021-12-22,313,8,0.2105,0.0,0.18556701030927836
2021-12-30,314,2,0.31625,0.0,0.31208053691275167
2021-12-30,314,4,0.26875,0.0,0.2702702702702703
2021-12-30,314,8,0.19725,0.0,0.18493150684931506
2022-01-06,315,2,0.3255,0.0,0.3110367892976589
2022-01-06,315,4,0.2685,0.0,0.26936026936026936
2022-01-06,315,8,0.19925,0.0,0.18430034129692832
2022-01-13,316,2,0.3185,0.0,0.31
2022-01-13,316,4,0.25975,1.0,0.2684563758389262
2022-01-13,316,8,0.17825,0.0,0.1836734693877551
2022-01-21,317,2,0.329,0.0,0.3089700996677741
2022-01-21,317,4,0.25975,1.0,0.26755852842809363
2022-01-21,317,8,0.18125,0.0,0.18305084745762712
2022-01-28,318,2,0.327,1.0,0.3079470198675497
2022-01-28,318,4,0.25475,0.0,0.26666666666666666
2022-01-28,318,8,0.189,0.0,0.18243243243243243
2022-02-04,319,2,0.30325,1.0,0.3069306930693069
2022-02-04,319,4,0.23875,0.0,0.26578073089701
2022-02-04,319,8,0.1665,0.0,0.18181818181818182
2022-02-11,320,2,0.32875,0.0,0.3092105263157895
2022-02-11,320,4,0.2655,0.0,0.2682119205298013
2022-02-11,320,8,0.18925,0.0,0.18120805369127516
2022-02-18,321,2,0.321,0.0,0.3114754098360656
2022-02-18,321,4,0.25675,0.0,0.2706270627062706
2022-02-18,321,8,0.1755,0.0,0.1806020066889632
2022-02-28,322,2,0.3205,0.0,0.3104575163398693
2022-02-28,322,4,0.26575,0.0,0.26973684210526316
2022-02-28,322,8,0.1905,0.0,0.18
2022-03-07,323,2,0.32,0.0,0.30944625407166126
2022-03-07,323,4,0.2625,0.0,0.26885245901639343
2022-03-07,323,8,0.185,0.0,0.17940199335548174
2022-03-14,324,2,0.32225,0.0,0.30844155844155846
2022-03-14,324,4,0.25875,1.0,0.2679738562091503
2022-03-14,324,8,0.19,0.0,0.17880794701986755
2022-03-21,325,2,0.3305,1.0,0.3074433656957929
2022-03-21,325,4,0.271,0.0,0.2671009771986971
2022-03-21,325,8,0.2085,0.0,0.1782178217821782
2022-03-28,326,2,0.32475,1.0,0.3064516129032258
2022-03-28,326,4,0.27175,0.0,0.2662337662337662
2022-03-28,326,8,0.17775,0.0,0.17763157894736842
2022-04-04,327,2,0.32725,0.0,0.3086816720257235
2022-04-04,327,4,0.2595,0.0,0.26537216828478966
2022-04-04,327,8,0.18825,0.0,0.17704918032786884
2022-04-11,328,2,0.33425,0.0,0.3108974358974359
2022-04-11,328,4,0.265,0.0,0.267741935483871
2022-04-11,328,8,0.187,0.0,0.17647058823529413
2022-04-19,329,2,0.332,0.0,0.30990415335463256
2022-04-19,329,4,0.268,0.0,0.26688102893890675
2022-04-19,329,8,0.1845,0.0,0.1758957654723127
2022-04-26,330,2,0.3265,0.0,0.3089171974522293
2022-04-26,330,4,0.27325,0.0,0.266025641025641
2022-04-26,330,8,0.19225,0.0,0.17532467532467533
2022-05-03,331,2,0.3305,1.0,0.30793650793650795
2022-05-03,331,4,0.276,1.0,0.26517571884984026
2022-05-03,331,8,0.19425,1.0,0.17475728155339806
2022-05-10,332,2,0.326,1.0,0.3069620253164557
2022-05-10,332,4,0.25675,1.0,0.2643312101910828
2022-05-10,332,8,0.19275,1.0,0.17419354838709677
2022-05-17,333,2,0.36025,1.0,0.30914826498422715
2022-05-17,333,4,0.32,0.0,0.2634920634920635
2022-05-17,333,8,0.26475,0.0,0.17363344051446947
2022-05-24,334,2,0.3595,1.0,0.3113207547169811
2022-05-24,334,4,0.31175,1.0,0.2626582278481013
2022-05-24,334,8,0.23925,0.0,0.17307692307692307
2022-06-01,335,2,0.3555,0.0,0.31347962382445144
2022-06-01,335,4,0.313,0.0,0.26498422712933756
2022-06-01,335,8,0.24125,0.0,0.17252396166134185
2022-06-08,336,2,0.35575,0.0,0.315625
2022-06-08,336,4,0.3145,0.0,0.2672955974842767
2022-06-08,336,8,0.229,0.0,0.17197452229299362
2022-06-15,337,2,0.33075,1.0,0.3146417445482866
2022-06-15,337,4,0.265,0.0,0.2664576802507837
2022-06-15,337,8,0.20375,0.0,0.17142857142857143
2022-06-23,338,2,0.3445,0.0,0.3136645962732919
2022-06-23,338,4,0.29125,0.0,0.26875
2022-06-23,338,8,0.20675,0.0,0.17088607594936708
2022-06-30,339,2,0.348,0.0,0.3157894736842105
2022-06-30,339,4,0.2965,0.0,0.26791277258566976
2022-06-30,339,8,0.22275,0.0,0.17350157728706625
2022-07-08,340,2,0.3305,0.0,0.3148148148148148
2022-07-08,340,4,0.27775,0.0,0.2670807453416149
2022-07-08,340,8,0.20725,0.0,0.1761006289308176
2022-07-15,341,2,0.34925,1.0,0.31384615384615383
2022-07-15,341,4,0.3065,1.0,0.26625386996904027
2022-07-15,341,8,0.24575,1.0,0.1755485893416928
2022-07-22,342,2,0.3865,0.0,0.3128834355828221
2022-07-22,342,4,0.334,1.0,0.2654320987654321
2022-07-22,342,8,0.27425,0.0,0.175
2022-07-29,343,2,0.352,1.0,0.3149847094801223
2022-07-29,343,4,0.31025,1.0,0.26461538461538464
2022-07-29,343,8,0.2365,0.0,0.17445482866043613
2022-08-05,344,2,0.35975,1.0,0.31402439024390244
2022-08-05,344,4,0.30875,1.0,0.26380368098159507
2022-08-05,344,8,0.24325,0.0,0.17391304347826086
2022-08-12,345,2,0.35675,1.0,0.3161094224924012
2022-08-12,345,4,0.2895,0.0,0.26605504587155965
2022-08-12,345,8,0.23775,0.0,0.17337461300309598
2022-08-19,346,2,0.3515,1.0,0.3181818181818182
2022-08-19,346,4,0.279,0.0,0.2682926829268293
2022-08-19,346,8,0.21275,0.0,0.1728395061728395
2022-08-26,347,2,0.34975,0.0,0.3202416918429003
2022-08-26,347,4,0.2965,0.0,0.270516717325228
2022-08-26,347,8,0.23325,0.0,0.1723076923076923
2022-09-02,348,2,0.346,0.0,0.32228915662650603
2022-09-02,348,4,0.272,0.0,0.2727272727272727
2022-09-02,348,8,0.20275,0.0,0.17177914110429449
2022-09-12,349,2,0.34525,0.0,0.3213213213213213
2022-09-12,349,4,0.29025,0.0,0.2719033232628399
2022-09-12,349,8,0.22075,0.0,0.1743119266055046
2022-09-19,350,2,0.33675,0.0,0.3203592814371258
2022-09-19,350,4,0.25825,0.0,0.2710843373493976
2022-09-19,350,8,0.19275,0.0,0.17378048780487804
2022-09-26,351,2,0.32725,0.0,0.3194029850746269
2022-09-26,351,4,0.2575,0.0,0.2702702702702703
2022-09-26,351,8,0.18925,0.0,0.17325227963525835
2022-10-03,352,2,0.329,0.0,0.31845238095238093
2022-10-03,352,4,0.271,0.0,0.2694610778443114
2022-10-03,352,8,0.21325,0.0,0.17272727272727273
2022-10-10,353,2,0.33975,0.0,0.31750741839762614
2022-10-10,353,4,0.27175,0.0,0.26865671641791045
2022-10-10,353,8,0.19775,0.0,0.17220543806646527
2022-10-17,354,2,0.3325,0.0,0.3165680473372781
2022-10-17,354,4,0.27725,0.0,0.26785714285714285
2022-10-17,354,8,0.20675,0.0,0.1716867469879518
2022-10-24,355,2,0.3135,0.0,0.31563421828908556
2022-10-24,355,4,0.259,0.0,0.26706231454005935
2022-10-24,355,8,0.1915,0.0,0.17117117117117117
2022-10-31,356,2,0.348,0.0,0.31470588235294117
2022-10-31,356,4,0.3045,0.0,0.26627218934911245
2022-10-31,356,8,0.22975,0.0,0.17065868263473055
2022-11-07,357,2,0.36525,0.0,0.31378299120234604
2022-11-07,357,4,0.322,0.0,0.26548672566371684
2022-11-07,357,8,0.26275,0.0,0.1701492537313433
2022-11-14,358,2,0.348,0.0,0.3128654970760234
2022-11-14,358,4,0.3055,0.0,0.2647058823529412
2022-11-14,358,8,0.23,0.0,0.16964285714285715
2022-11-21,359,2,0.34425,0.0,0.3119533527696793
2022-11-21,359,4,0.308,1.0,0.26392961876832843
2022-11-21,359,8,0.24225,0.0,0.16913946587537093
2022-11-29,360,2,0.356,0.0,0.311046511627907
2022-11-29,360,4,0.317,0.0,0.2631578947368421
2022-11-29,360,8,0.243,0.0,0.16863905325443787
2022-12-06,361,2,0.3285,1.0,0.3101449275362319
2022-12-06,361,4,0.286,0.0,0.26239067055393583
2022-12-06,361,8,0.21975,0.0,0.168141592920354
2022-12-13,362,2,0.34975,1.0,0.3092485549132948
2022-12-13,362,4,0.295,0.0,0.2616279069767442
2022-12-13,362,8,0.219,0.0,0.1676470588235294
2022-12-20,363,2,0.3515,0.0,0.3112391930835735
2022-12-20,363,4,0.28975,0.0,0.263768115942029
2022-12-20,363,8,0.217,1.0,0.16715542521994134
2022-12-28,364,2,0.35375,0.0,0.3132183908045977
2022-12-28,364,4,0.2935,0.0,0.2630057803468208
2022-12-28,364,8,0.2375,0.0,0.16666666666666666
2023-01-05,365,2,0.33175,0.0,0.3123209169054441
2023-01-05,365,4,0.285,1.0,0.2622478386167147
2023-01-05,365,8,0.2125,1.0,0.1661807580174927
2023-01-12,366,2,0.3605,1.0,0.31142857142857144
2023-01-12,366,4,0.30825,1.0,0.2614942528735632
2023-01-12,366,8,0.243,1.0,0.16569767441860464
2023-01-20,367,2,0.34875,1.0,0.31054131054131057
2023-01-20,367,4,0.2885,1.0,0.2607449856733524
2023-01-20,367,8,0.21425,1.0,0.16521739130434782
2023-01-27,368,2,0.33925,1.0,0.3125
2023-01-27,368,4,0.2875,1.0,0.26
2023-01-27,368,8,0.21575,0.0,0.16473988439306358
2023-02-03,369,2,0.36275,1.0,0.31444759206798867
2023-02-03,369,4,0.30825,0.0,0.2621082621082621
2023-02-03,369,8,0.238,0.0,0.1642651296829971
2023-02-10,370,2,0.3565,1.0,0.3163841807909605
2023-02-10,370,4,0.2975,0.0,0.26420454545454547
2023-02-10,370,8,0.219,0.0,0.16379310344827586
2023-02-17,371,2,0.35875,0.0,0.3183098591549296
2023-02-17,371,4,0.3055,0.0,0.26628895184135976
2023-02-17,371,8,0.247,0.0,0.166189111747851
2023-02-27,372,2,0.3465,0.0,0.3202247191011236
2023-02-27,372,4,0.29725,0.0,0.268361581920904
2023-02-27,372,8,0.226,0.0,0.1657142857142857
2023-03-06,373,2,0.3565,0.0,0.31932773109243695
2023-03-06,373,4,0.28125,0.0,0.2676056338028169
2023-03-06,373,8,0.20625,0.0,0.16809116809116809
2023-03-13,374,2,0.33075,0.0,0.31843575418994413
2023-03-13,374,4,0.276,0.0,0.26685393258426965
2023-03-13,374,8,0.1915,0.0,0.17045454545454544
2023-03-20,375,2,0.335,0.0,0.31754874651810583
2023-03-20,375,4,0.2775,1.0,0.2661064425770308
2023-03-20,375,8,0.2095,0.0,0.17280453257790368
2023-03-27,376,2,0.343,1.0,0.31666666666666665
2023-03-27,376,4,0.2915,1.0,0.26536312849162014
2023-03-27,376,8,0.22075,0.0,0.17231638418079095
2023-04-03,377,2,0.3495,1.0,0.3157894736842105
2023-04-03,377,4,0.2845,1.0,0.2646239554317549
2023-04-03,377,8,0.21775,0.0,0.17183098591549295
2023-04-11,378,2,0.34275,0.0,0.31767955801104975
2023-04-11,378,4,0.283,0.0,0.2638888888888889
2023-04-11,378,8,0.21725,0.0,0.17134831460674158
2023-04-18,379,2,0.37,0.0,0.31955922865013775
2023-04-18,379,4,0.304,0.0,0.2659279778393352
2023-04-18,379,8,0.246,0.0,0.17086834733893558
2023-04-25,380,2,0.34725,0.0,0.31868131868131866
2023-04-25,380,4,0.299,0.0,0.26795580110497236
2023-04-25,380,8,0.22775,0.0,0.17039106145251395
2023-05-02,381,2,0.32925,0.0,0.3178082191780822
2023-05-02,381,4,0.27225,0.0,0.2699724517906336
2023-05-02,381,8,0.1955,0.0,0.16991643454038996
2023-05-09,382,2,0.326,0.0,0.31693989071038253
2023-05-09,382,4,0.27875,0.0,0.2692307692307692
2023-05-09,382,8,0.1855,0.0,0.16944444444444445
2023-05-16,383,2,0.326,0.0,0.31607629427792916
2023-05-16,383,4,0.26525,0.0,0.2684931506849315
2023-05-16,383,8,0.191,0.0,0.16897506925207756
2023-05-23,384,2,0.31225,0.0,0.31521739130434784
2023-05-23,384,4,0.262,0.0,0.2677595628415301
2023-05-23,384,8,0.17875,0.0,0.1685082872928177
2023-05-31,385,2,0.313,1.0,0.3143631436314363
2023-05-31,385,4,0.253,0.0,0.2670299727520436
2023-05-31,385,8,0.1855,0.0,0.16804407713498623
2023-06-07,386,2,0.31725,0.0,0.31351351351351353
2023-06-07,386,4,0.255,0.0,0.266304347826087
2023-06-07,386,8,0.18075,0.0,0.16758241758241757
2023-06-14,387,2,0.32825,0.0,0.31536388140161725
2023-06-14,387,4,0.27925,0.0,0.26558265582655827
2023-06-14,387,8,0.205,0.0,0.16712328767123288
2023-06-22,388,2,0.32475,0.0,0.31451612903225806
2023-06-22,388,4,0.27725,0.0,0.2648648648648649
2023-06-22,388,8,0.2075,0.0,0.16666666666666666
2023-06-29,389,2,0.337,0.0,0.3136729222520107
2023-06-29,389,4,0.27275,0.0,0.2641509433962264
2023-06-29,389,8,0.203,0.0,0.16621253405994552
2023-07-07,390,2,0.31875,0.0,0.31283422459893045
2023-07-07,390,4,0.25625,0.0,0.26344086021505375
2023-07-07,390,8,0.16925,0.0,0.16576086956521738
2023-07-14,391,2,0.30325,0.0,0.312
2023-07-14,391,4,0.236,0.0,0.26273458445040215
2023-07-14,391,8,0.16425,0.0,0.16531165311653118
2023-07-21,392,2,0.3395,0.0,0.31117021276595747
2023-07-21,392,4,0.2795,0.0,0.2620320855614973
2023-07-21,392,8,0.198,0.0,0.16486486486486487
2023-07-28,393,2,0.327,0.0,0.3103448275862069
2023-07-28,393,4,0.2585,0.0,0.2613333333333333
2023-07-28,393,8,0.1775,0.0,0.16442048517520216
2023-08-04,394,2,0.32225,0.0,0.30952380952380953
2023-08-04,394,4,0.2585,0.0,0.26063829787234044
2023-08-04,394,8,0.1855,0.0,0.1639784946236559
2023-08-11,395,2,0.3165,0.0,0.3087071240105541
2023-08-11,395,4,0.24425,0.0,0.259946949602122
2023-08-11,395,8,0.17175,0.0,0.16353887399463807
2023-08-18,396,2,0.3335,1.0,0.3078947368421053
2023-08-18,396,4,0.26875,1.0,0.25925925925925924
2023-08-18,396,8,0.17875,0.0,0.16310160427807488
2023-08-25,397,2,0.31325,0.0,0.30708661417322836
2023-08-25,397,4,0.253,0.0,0.25857519788918204
2023-08-25,397,8,0.171,0.0,0.16266666666666665
2023-09-01,398,2,0.30225,1.0,0.3089005235602094
2023-09-01,398,4,0.251,0.0,0.2578947368421053
2023-09-01,398,8,0.16975,0.0,0.1622340425531915
2023-09-11,399,2,0.3175,0.0,0.30809399477806787
2023-09-11,399,4,0.2525,0.0,0.2572178477690289
2023-09-11,399,8,0.176,1.0,0.16180371352785147
2023-09-18,400,2,0.31025,0.0,0.3098958333333333
2023-09-18,400,4,0.2465,0.0,0.2591623036649215
2023-09-18,400,8,0.176,1.0,0.16137566137566137
2023-09-25,401,2,0.34375,0.0,0.3090909090909091
2023-09-25,401,4,0.29775,1.0,0.2584856396866841
2023-09-25,401,8,0.22375,1.0,0.16094986807387862
2023-10-02,402,2,0.32825,1.0,0.3082901554404145
2023-10-02,402,4,0.27875,1.0,0.2578125
2023-10-02,402,8,0.195,1.0,0.16052631578947368
2023-10-09,403,2,0.3245,1.0,0.30749354005167956
2023-10-09,403,4,0.254,1.0,0.2571428571428571
2023-10-09,403,8,0.18625,1.0,0.16010498687664043
2023-10-16,404,2,0.323,0.0,0.30927835051546393
2023-10-16,404,4,0.25725,1.0,0.25647668393782386
2023-10-16,404,8,0.181,1.0,0.15968586387434555
2023-10-23,405,2,0.332,1.0,0.3110539845758355
2023-10-23,405,4,0.2615,1.0,0.25839793281653745
2023-10-23,405,8,0.18225,1.0,0.15926892950391644
2023-10-30,406,2,0.31675,1.0,0.31025641025641026
2023-10-30,406,4,0.253,1.0,0.2603092783505155
2023-10-30,406,8,0.1725,1.0,0.15885416666666666
2023-11-06,407,2,0.3725,0.0,0.31202046035805625
2023-11-06,407,4,0.302,1.0,0.2622107969151671
2023-11-06,407,8,0.23525,0.0,0.16103896103896104
2023-11-13,408,2,0.35675,0.0,0.3137755102040816
2023-11-13,408,4,0.294,1.0,0.2641025641025641
2023-11-13,408,8,0.2295,0.0,0.16321243523316062
2023-11-20,409,2,0.3455,1.0,0.31297709923664124
2023-11-20,409,4,0.296,1.0,0.2659846547314578
2023-11-20,409,8,0.225,0.0,0.165374677002584
2023-11-27,410,2,0.3405,1.0,0.31218274111675126
2023-11-27,410,4,0.2785,1.0,0.26785714285714285
2023-11-27,410,8,0.19925,0.0,0.16752577319587628
2023-12-04,411,2,0.3535,1.0,0.3139240506329114
2023-12-04,411,4,0.30225,0.0,0.2697201017811705
2023-12-04,411,8,0.23625,0.0,0.16966580976863754
2023-12-11,412,2,0.35475,0.0,0.31565656565656564
2023-12-11,412,4,0.308,0.0,0.2715736040609137
2023-12-11,412,8,0.246,0.0,0.1717948717948718
2023-12-18,413,2,0.35625,0.0,0.31738035264483627
2023-12-18,413,4,0.31825,0.0,0.27341772151898736
2023-12-18,413,8,0.25075,0.0,0.17391304347826086
2023-12-26,414,2,0.36375,0.0,0.3165829145728643
2023-12-26,414,4,0.30525,0.0,0.27525252525252525
2023-12-26,414,8,0.24525,0.0,0.1760204081632653
2024-01-03,415,2,0.35425,0.0,0.3157894736842105
2024-01-03,415,4,0.29725,0.0,0.27455919395465994
2024-01-03,415,8,0.2375,0.0,0.17557251908396945
2024-01-10,416,2,0.3525,1.0,0.315
2024-01-10,416,4,0.28525,0.0,0.27386934673366836
2024-01-10,416,8,0.22475,0.0,0.1751269035532995
2024-01-18,417,2,0.3505,1.0,0.314214463840399
2024-01-18,417,4,0.29175,1.0,0.2731829573934837
2024-01-18,417,8,0.22725,0.0,0.17468354430379746
2024-01-25,418,2,0.35175,0.0,0.31592039800995025
2024-01-25,418,4,0.29125,0.0,0.2725
2024-01-25,418,8,0.2175,0.0,0.17424242424242425
2024-02-01,419,2,0.3505,0.0,0.3176178660049628
2024-02-01,419,4,0.2845,0.0,0.2718204488778055
2024-02-01,419,8,0.21525,0.0,0.17380352644836272
2024-02-08,420,2,0.33175,1.0,0.31683168316831684
2024-02-08,420,4,0.2615,0.0,0.27114427860696516
2024-02-08,420,8,0.1975,1.0,0.17336683417085427
2024-02-15,421,2,0.334,1.0,0.3160493827160494
2024-02-15,421,4,0.27925,0.0,0.2729528535980149
2024-02-15,421,8,0.21475,1.0,0.17293233082706766
2024-02-23,422,2,0.345,0.0,0.31773399014778325
2024-02-23,422,4,0.2905,0.0,0.2722772277227723
2024-02-23,422,8,0.20775,1.0,0.1725
2024-03-01,423,2,0.34225,0.0,0.3194103194103194
2024-03-01,423,4,0.27475,0.0,0.2716049382716049
2024-03-01,423,8,0.195,1.0,0.17206982543640897
2024-03-08,424,2,0.3245,0.0,0.31862745098039214
2024-03-08,424,4,0.26375,1.0,0.270935960591133
2024-03-08,424,8,0.192,0.0,0.17164179104477612
2024-03-15,425,2,0.33,1.0,0.31784841075794623
2024-03-15,425,4,0.26475,1.0,0.2702702702702703
2024-03-15,425,8,0.201,0.0,0.17121588089330025
2024-03-22,426,2,0.32825,1.0,0.3170731707317073
2024-03-22,426,4,0.27325,1.0,0.2696078431372549
2024-03-22,426,8,0.187,0.0,0.1707920792079208
2024-04-01,427,2,0.3255,1.0,0.31873479318734793
2024-04-01,427,4,0.26575,1.0,0.26894865525672373
2024-04-01,427,8,0.178,1.0,0.17037037037037037
2024-04-08,428,2,0.3305,1.0,0.32038834951456313
2024-04-08,428,4,0.255,0.0,0.2707317073170732
2024-04-08,428,8,0.18325,0.0,0.1724137931034483
2024-04-15,429,2,0.33525,0.0,0.3220338983050847
2024-04-15,429,4,0.26925,0.0,0.2725060827250608
2024-04-15,429,8,0.19225,0.0,0.17444717444717445
2024-04-22,430,2,0.3565,0.0,0.32367149758454106
2024-04-22,430,4,0.3005,0.0,0.27427184466019416
2024-04-22,430,8,0.24,0.0,0.17647058823529413
2024-04-29,431,2,0.342,0.0,0.3228915662650602
2024-04-29,431,4,0.2755,0.0,0.27602905569007263
2024-04-29,431,8,0.221,0.0,0.1784841075794621
2024-05-06,432,2,0.3515,0.0,0.32211538461538464
2024-05-06,432,4,0.30275,1.0,0.2753623188405797
2024-05-06,432,8,0.24025,0.0,0.17804878048780487
2024-05-13,433,2,0.338,1.0,0.3213429256594724
2024-05-13,433,4,0.29075,1.0,0.2746987951807229
2024-05-13,433,8,0.23125,1.0,0.17761557177615572
2024-05-20,434,2,0.33825,1.0,0.32057416267942584
2024-05-20,434,4,0.28725,1.0,0.27403846153846156
2024-05-20,434,8,0.217,1.0,0.17718446601941748
2024-05-28,435,2,0.3625,0.0,0.3221957040572792
2024-05-28,435,4,0.3115,0.0,0.2733812949640288
2024-05-28,435,8,0.25075,0.0,0.1791767554479419
2024-06-04,436,2,0.3605,0.0,0.3238095238095238
2024-06-04,436,4,0.30425,0.0,0.2751196172248804
2024-06-04,436,8,0.2465,0.0,0.178743961352657
2024-06-11,437,2,0.35525,1.0,0.32304038004750596
2024-06-11,437,4,0.3055,1.0,0.27684964200477324
2024-06-11,437,8,0.2435,0.0,0.1783132530120482
2024-06-18,438,2,0.33625,0.0,0.3222748815165877
2024-06-18,438,4,0.286,1.0,0.2785714285714286
2024-06-18,438,8,0.215,0.0,0.1778846153846154
2024-06-26,439,2,0.35,1.0,0.32387706855791965
2024-06-26,439,4,0.298,0.0,0.27790973871733965
2024-06-26,439,8,0.22525,0.0,0.1774580335731415
2024-07-03,440,2,0.31675,1.0,0.3231132075471698
2024-07-03,440,4,0.2795,0.0,0.2772511848341232
2024-07-03,440,8,0.20425,1.0,0.17703349282296652
2024-07-11,441,2,0.355,0.0,0.3247058823529412
2024-07-11,441,4,0.3105,0.0,0.2789598108747045
2024-07-11,441,8,0.256,0.0,0.17899761336515513
2024-07-18,442,2,0.3595,0.0,0.32629107981220656
2024-07-18,442,4,0.3025,0.0,0.2806603773584906
2024-07-18,442,8,0.22775,0.0,0.18095238095238095
2024-07-25,443,2,0.36475,1.0,0.3255269320843091
2024-07-25,443,4,0.30425,1.0,0.28
2024-07-25,443,8,0.2295,0.0,0.18052256532066507
2024-08-01,444,2,0.32875,1.0,0.3247663551401869
2024-08-01,444,4,0.276,1.0,0.2793427230046948
2024-08-01,444,8,0.20425,1.0,0.18009478672985782
2024-08-08,445,2,0.347,0.0,0.32634032634032634
2024-08-08,445,4,0.301,0.0,0.2786885245901639
2024-08-08,445,8,0.2225,0.0,0.17966903073286053
2024-08-15,446,2,0.355,1.0,0.32790697674418606
2024-08-15,446,4,0.3055,1.0,0.2780373831775701
2024-08-15,446,8,0.2405,0.0,0.1792452830188679
2024-08-22,447,2,0.35025,0.0,0.3271461716937355
2024-08-22,447,4,0.28375,0.0,0.27972027972027974
2024-08-22,447,8,0.21325,0.0,0.17882352941176471
2024-08-29,448,2,0.349,1.0,0.3287037037037037
2024-08-29,448,4,0.2865,1.0,0.2813953488372093
2024-08-29,448,8,0.2225,0.0,0.1807511737089202
2024-09-06,449,2,0.353,1.0,0.3279445727482679
2024-09-06,449,4,0.291,1.0,0.28074245939675174
2024-09-06,449,8,0.22125,0.0,0.18032786885245902
2024-09-13,450,2,0.3495,0.0,0.3294930875576037
2024-09-13,450,4,0.29,0.0,0.2824074074074074
2024-09-13,450,8,0.22275,0.0,0.17990654205607476
2024-09-20,451,2,0.3425,1.0,0.3310344827586207
2024-09-20,451,4,0.29625,0.0,0.2817551963048499
2024-09-20,451,8,0.2275,1.0,0.1794871794871795
2024-09-27,452,2,0.36325,0.0,0.3302752293577982
2024-09-27,452,4,0.29225,0.0,0.2834101382488479
2024-09-27,452,8,0.222,1.0,0.1813953488372093
2024-10-04,453,2,0.36825,0.0,0.3318077803203661
2024-10-04,453,4,0.28425,0.0,0.2850574712643678
2024-10-04,453,8,0.2305,1.0,0.18097447795823665
2024-10-11,454,2,0.35425,0.0,0.3310502283105023
2024-10-11,454,4,0.29475,0.0,0.28440366972477066
2024-10-11,454,8,0.227,1.0,0.18055555555555555
2024-10-18,455,2,0.3535,0.0,0.33029612756264237
2024-10-18,455,4,0.2985,1.0,0.2837528604118993
2024-10-18,455,8,0.226,1.0,0.18013856812933027
2024-10-25,456,2,0.341,1.0,0.32954545454545453
2024-10-25,456,4,0.29475,1.0,0.2831050228310502
2024-10-25,456,8,0.209,1.0,0.17972350230414746
2024-11-01,457,2,0.34525,1.0,0.3287981859410431
2024-11-01,457,4,0.27825,1.0,0.2824601366742597
2024-11-01,457,8,0.1915,1.0,0.1793103448275862
2024-11-08,458,2,0.342,1.0,0.33031674208144796
2024-11-08,458,4,0.28625,1.0,0.2818181818181818
2024-11-08,458,8,0.21575,1.0,0.17889908256880735
2024-11-15,459,2,0.35525,1.0,0.33182844243792325
2024-11-15,459,4,0.298,1.0,0.2834467120181406
2024-11-15,459,8,0.22475,1.0,0.18077803203661327
2024-11-22,460,2,0.34925,1.0,0.3333333333333333
2024-11-22,460,4,0.30275,1.0,0.2850678733031674
2024-11-22,460,8,0.241,1.0,0.182648401826484
2024-12-02,461,2,0.36975,1.0,0.3348314606741573
2024-12-02,461,4,0.32575,1.0,0.2866817155756208
2024-12-02,461,8,0.25975,1.0,0.1845102505694761
2024-12-09,462,2,0.37175,0.0,0.336322869955157
2024-12-09,462,4,0.32875,0.0,0.2882882882882883
2024-12-09,462,8,0.27,1.0,0.18636363636363637
2024-12-16,463,2,0.3675,0.0,0.3378076062639821
2024-12-16,463,4,0.32925,0.0,0.2898876404494382
2024-12-16,463,8,0.2605,1.0,0.18820861678004536
2024-12-23,464,2,0.36275,0.0,0.33705357142857145
2024-12-23,464,4,0.302,0.0,0.2914798206278027
2024-12-23,464,8,0.25,1.0,0.19004524886877827
2024-12-31,465,2,0.3505,1.0,0.3363028953229399
2024-12-31,465,4,0.29675,1.0,0.2930648769574944
2024-12-31,465,8,0.22875,1.0,0.19187358916478556
2025-01-08,466,2,0.3365,1.0,0.33555555555555555
2025-01-08,466,4,0.2815,1.0,0.2924107142857143
2025-01-08,466,8,0.228,1.0,0.19369369369369369
2025-01-15,467,2,0.3365,1.0,0.3370288248337029
2025-01-15,467,4,0.27775,1.0,0.29175946547884185
2025-01-15,467,8,0.202,1.0,0.19550561797752808
2025-01-23,468,2,0.343,1.0,0.33849557522123896
2025-01-23,468,4,0.28725,1.0,0.2911111111111111
2025-01-23,468,8,0.21,1.0,0.19730941704035873
2025-01-30,469,2,0.34075,1.0,0.33995584988962474
2025-01-30,469,4,0.2855,0.0,0.2926829268292683
2025-01-30,469,8,0.21225,0.0,0.19910514541387025
2025-02-06,470,2,0.35575,0.0,0.34140969162995594
2025-02-06,470,4,0.29475,0.0,0.2942477876106195
2025-02-06,470,8,0.22475,0.0,0.20089285714285715
2025-02-13,471,2,0.34325,0.0,0.34285714285714286
2025-02-13,471,4,0.30775,0.0,0.2958057395143488
2025-02-13,471,8,0.2505,0.0,0.2026726057906459
2025-02-21,472,2,0.37225,0.0,0.34210526315789475
2025-02-21,472,4,0.32775,0.0,0.2973568281938326
2025-02-21,472,8,0.25825,0.0,0.20444444444444446
2025-02-28,473,2,0.3625,0.0,0.3413566739606127
2025-02-28,473,4,0.31375,0.0,0.2967032967032967
2025-02-28,473,8,0.244,1.0,0.20620842572062084
2025-03-07,474,2,0.375,0.0,0.3406113537117904
2025-03-07,474,4,0.32575,0.0,0.29605263157894735
2025-03-07,474,8,0.2615,0.0,0.2079646017699115
2025-03-14,475,2,0.37025,0.0,0.33986928104575165
2025-03-14,475,4,0.3205,0.0,0.29540481400437635
2025-03-14,475,8,0.25875,0.0,0.2097130242825607
2025-03-21,476,2,0.3745,0.0,0.3391304347826087
2025-03-21,476,4,0.32075,0.0,0.29475982532751094
2025-03-21,476,8,0.24875,0.0,0.21145374449339208
2025-03-28,477,2,0.3595,0.0,0.3383947939262473
2025-03-28,477,4,0.2995,1.0,0.29411764705882354
2025-03-28,477,8,0.23775,0.0,0.210989010989011
2025-04-04,478,2,0.36525,0.0,0.33766233766233766
2025-04-04,478,4,0.3075,1.0,0.29347826086956524
2025-04-04,478,8,0.24575,0.0,0.21052631578947367
2025-04-11,479,2,0.37575,1.0,0.3369330453563715
2025-04-11,479,4,0.31675,1.0,0.2928416485900217
2025-04-11,479,8,0.2575,0.0,0.2100656455142232
2025-04-21,480,2,0.3555,1.0,0.33620689655172414
2025-04-21,480,4,0.3075,0.0,0.2922077922077922
2025-04-21,480,8,0.23725,0.0,0.2096069868995633
2025-04-28,481,2,0.367,0.0,0.33763440860215055
2025-04-28,481,4,0.316,0.0,0.2937365010799136
2025-04-28,481,8,0.261,0.0,0.2113289760348584
2025-05-05,482,2,0.36225,0.0,0.33905579399141633
2025-05-05,482,4,0.31025,0.0,0.2952586206896552
2025-05-05,482,8,0.2425,0.0,0.2108695652173913
2025-05-12,483,2,0.3565,0.0,0.33832976445396146
2025-05-12,483,4,0.3035,0.0,0.2967741935483871
2025-05-12,483,8,0.23975,0.0,0.210412147505423
2025-05-19,484,2,0.3465,0.0,0.33760683760683763
2025-05-19,484,4,0.306,0.0,0.296137339055794
2025-05-19,484,8,0.232,0.0,0.20995670995670995
2025-05-27,485,2,0.35575,0.0,0.3368869936034115
2025-05-27,485,4,0.302,0.0,0.2955032119914347
2025-05-27,485,8,0.24075,0.0,0.20950323974082075
2025-06-03,486,2,0.329,0.0,0.33617021276595743
2025-06-03,486,4,0.26975,0.0,0.2948717948717949
2025-06-03,486,8,0.215,0.0,0.20905172413793102
2025-06-10,487,2,0.37075,0.0,0.3354564755838641
2025-06-10,487,4,0.29375,0.0,0.2942430703624733
2025-06-10,487,8,0.22325,0.0,0.2086021505376344
2025-06-17,488,2,0.341,0.0,0.3347457627118644
2025-06-17,488,4,0.28825,0.0,0.2936170212765957
2025-06-17,488,8,0.2095,0.0,0.20815450643776823
2025-06-25,489,2,0.36525,0.0,0.33403805496828753
2025-06-25,489,4,0.311,0.0,0.2929936305732484
2025-06-25,489,8,0.24525,1.0,0.20770877944325483
2025-07-02,490,2,0.3495,1.0,0.3333333333333333
2025-07-02,490,4,0.292,0.0,0.2923728813559322
2025-07-02,490,8,0.2205,1.0,0.20726495726495728
2025-07-09,491,2,0.36075,1.0,0.33263157894736844
2025-07-09,491,4,0.307,0.0,0.2917547568710359
2025-07-09,491,8,0.2355,1.0,0.2068230277185501
2025-07-16,492,2,0.36525,0.0,0.33403361344537813
2025-07-16,492,4,0.30275,0.0,0.2911392405063291
2025-07-16,492,8,0.24425,1.0,0.20638297872340425
2025-07-23,493,2,0.36925,0.0,0.33542976939203356
2025-07-23,493,4,0.319,1.0,0.2905263157894737
2025-07-23,493,8,0.24575,1.0,0.2059447983014862
2025-07-30,494,2,0.35775,1.0,0.33472803347280333
2025-07-30,494,4,0.298,1.0,0.28991596638655465
2025-07-30,494,8,0.224,1.0,0.2055084745762712
2025-08-06,495,2,0.35725,1.0,0.33402922755741127
2025-08-06,495,4,0.31325,1.0,0.2893081761006289
2025-08-06,495,8,0.253,1.0,0.20507399577167018
2025-08-13,496,2,0.36675,1.0,0.33541666666666664
2025-08-13,496,4,0.31525,1.0,0.28870292887029286
2025-08-13,496,8,0.253,1.0,0.20464135021097046
2025-08-20,497,2,0.3695,1.0,0.3367983367983368
2025-08-20,497,4,0.3205,0.0,0.29018789144050106
2025-08-20,497,8,0.25125,0.0,0.2063157894736842
2025-08-27,498,2,0.3705,0.0,0.3381742738589212
2025-08-27,498,4,0.3245,0.0,0.2916666666666667
2025-08-27,498,8,0.25825,0.0,0.20798319327731093
2025-09-04,499,2,0.375,0.0,0.33954451345755693
2025-09-04,499,4,0.32925,0.0,0.29313929313929316
2025-09-04,499,8,0.26025,0.0,0.20964360587002095
2025-09-11,500,2,0.374,0.0,0.33884297520661155
2025-09-11,500,4,0.3325,0.0,0.2946058091286307
2025-09-11,500,8,0.254,0.0,0.2112970711297071
2025-09-18,501,2,0.389,0.0,0.33814432989690724
2025-09-18,501,4,0.33675,0.0,0.2939958592132505
2025-09-18,501,8,0.2745,0.0,0.21294363256784968
2025-09-25,502,2,0.38225,0.0,0.3374485596707819
2025-09-25,502,4,0.34475,1.0,0.29338842975206614
2025-09-25,502,8,0.29225,0.0,0.21458333333333332
2025-10-02,503,2,0.3725,1.0,0.33675564681724846
2025-10-02,503,4,0.335,0.0,0.2927835051546392
2025-10-02,503,8,0.2815,1.0,0.21621621621621623
2025-10-09,504,2,0.38125,1.0,0.3360655737704918
2025-10-09,504,4,0.33875,1.0,0.29218106995884774
2025-10-09,504,8,0.27325,0.0,0.21784232365145229
2025-10-16,505,2,0.38,0.0,0.3374233128834356
2025-10-16,505,4,0.31725,0.0,0.2915811088295688
2025-10-16,505,8,0.2605,0.0,0.21739130434782608
2025-10-23,506,2,0.37625,0.0,0.33877551020408164
2025-10-23,506,4,0.33375,0.0,0.2930327868852459
2025-10-23,506,8,0.26075,0.0,0.21694214876033058
2025-10-30,507,2,0.35575,1.0,0.3380855397148676
2025-10-30,507,4,0.32075,1.0,0.29243353783231085
2025-10-30,507,8,0.24,0.0,0.21649484536082475
2025-11-06,508,2,0.36125,1.0,0.33739837398373984
2025-11-06,508,4,0.31575,0.0,0.2938775510204082
2025-11-06,508,8,0.27325,0.0,0.21604938271604937
2025-11-13,509,2,0.36925,1.0,0.33874239350912777
2025-11-13,509,4,0.3175,0.0,0.29327902240325865
2025-11-13,509,8,0.26425,0.0,0.21560574948665298
2025-11-20,510,2,0.35625,0.0,0.340080971659919
2025-11-20,510,4,0.30325,0.0,0.2926829268292683
2025-11-20,510,8,0.251,0.0,0.2151639344262295
2025-11-28,511,2,0.3455,0.0,0.3414141414141414
2025-11-28,511,4,0.30825,0.0,0.29411764705882354
2025-11-28,511,8,0.239,0.0,0.2167689161554192
2025-12-05,512,2,0.34625,0.0,0.3407258064516129
2025-12-05,512,4,0.28575,0.0,0.2935222672064777
2025-12-05,512,8,0.21675,0.0,0.2163265306122449
2025-12-12,513,2,0.346,0.0,0.34004024144869216
2025-12-12,513,4,0.28275,0.0,0.29292929292929293
2025-12-12,513,8,0.2165,0.0,0.2158859470468432
2025-12-19,514,2,0.37,1.0,0.3393574297188755
2025-12-19,514,4,0.32075,0.0,0.2923387096774194
2025-12-19,514,8,0.254,0.0,0.21544715447154472
2025-12-29,515,2,0.36,0.0,0.33867735470941884
2025-12-29,515,4,0.3015,0.0,0.2917505030181087
2025-12-29,515,8,0.23525,0.0,0.2150101419878296
2026-01-06,516,2,0.36375,0.0,0.34
2026-01-06,516,4,0.307,0.0,0.29116465863453816
2026-01-06,516,8,0.2455,0.0,0.2145748987854251
2026-01-13,517,2,0.3605,0.0,0.3393213572854291
2026-01-13,517,4,0.3005,0.0,0.2905811623246493
2026-01-13,517,8,0.237,0.0,0.21414141414141413
2026-01-21,518,2,0.35075,0.0,0.3386454183266932
2026-01-21,518,4,0.28675,0.0,0.29
2026-01-21,518,8,0.22475,0.0,0.21370967741935484
2026-01-28,519,2,0.343,0.0,0.3379721669980119
2026-01-28,519,4,0.30075,0.0,0.2894211576846307
2026-01-28,519,8,0.2305,0.0,0.21327967806841047
2026-02-04,520,2,0.3595,0.0,0.3373015873015873
2026-02-04,520,4,0.3025,0.0,0.28884462151394424
2026-02-04,520,8,0.252,0.0,0.21285140562248997
2026-02-11,521,2,0.3505,0.0,0.33663366336633666
2026-02-11,521,4,0.297,0.0,0.2882703777335984
2026-02-11,521,8,0.2315,0.0,0.2124248496993988
2026-02-19,522,2,0.35475,1.0,0.3359683794466403
2026-02-19,522,4,0.29875,1.0,0.2876984126984127
2026-02-19,522,8,0.23875,0.0,0.212
2026-02-26,523,2,0.34175,1.0,0.33530571992110453
2026-02-26,523,4,0.30125,1.0,0.2871287128712871
2026-02-26,523,8,0.2385,0.0,0.21157684630738524
2026-03-05,524,2,0.357,1.0,0.33661417322834647
2026-03-05,524,4,0.296,0.0,0.2865612648221344
2026-03-05,524,8,0.2315,0.0,0.21115537848605578
2026-03-12,525,2,0.34925,1.0,0.3379174852652259
2026-03-12,525,4,0.2915,0.0,0.2859960552268245
2026-03-12,525,8,0.229,0.0,0.21073558648111332
2026-03-19,526,2,0.34225,0.0,0.3392156862745098
2026-03-19,526,4,0.282,0.0,0.2874015748031496
2026-03-19,526,8,0.209,0.0,0.21031746031746032
2026-03-26,527,2,0.335,0.0,0.3405088062622309
2026-03-26,527,4,0.28725,0.0,0.2888015717092338
2026-03-26,527,8,0.214,0.0,0.2099009900990099
2026-04-02,528,2,0.3435,0.0,0.33984375
2026-04-02,528,4,0.299,0.0,0.28823529411764703
2026-04-02,528,8,0.222,0.0,0.20948616600790515
2026-04-10,529,2,0.3495,1.0,0.3391812865497076
2026-04-10,529,4,0.301,0.0,0.2876712328767123
2026-04-10,529,8,0.22125,0.0,0.20907297830374755
2026-04-17,530,2,0.342,1.0,0.33852140077821014
2026-04-17,530,4,0.287,0.0,0.287109375
2026-04-17,530,8,0.22025,0.0,0.20866141732283464
2026-04-24,531,2,0.351,0.0,0.33980582524271846
2026-04-24,531,4,0.29425,0.0,0.28654970760233917
2026-04-24,531,8,0.233,0.0,0.2082514734774067
2026-05-01,532,2,0.35775,0.0,0.34108527131782945
2026-05-01,532,4,0.29525,0.0,0.28599221789883267
2026-05-01,532,8,0.224,0.0,0.20784313725490197
2026-05-08,533,2,0.34375,0.0,0.3404255319148936
2026-05-08,533,4,0.29875,0.0,0.2854368932038835
2026-05-08,533,8,0.22975,1.0,0.20743639921722112
2026-05-15,534,2,0.35275,0.0,0.33976833976833976
2026-05-15,534,4,0.28425,0.0,0.28488372093023256
2026-05-15,534,8,0.20225,1.0,0.20703125
2026-05-22,535,2,0.32025,0.0,0.33911368015414256
2026-05-22,535,4,0.26325,1.0,0.28433268858800775
2026-05-22,535,8,0.2095,1.0,0.20662768031189083
2026-06-01,536,2,0.34225,0.0,0.3384615384615385
2026-06-01,536,4,0.27975,1.0,0.28378378378378377
2026-06-01,536,8,0.21,1.0,0.20622568093385213
2026-06-08,537,2,0.3395,1.0,0.3378119001919386
2026-06-08,537,4,0.2925,1.0,0.2832369942196532
2026-06-08,537,8,0.2095,1.0,0.2058252427184466
2026-06-15,538,2,0.32375,1.0,0.3371647509578544
2026-06-15,538,4,0.26275,1.0,0.2826923076923077
2026-06-15,538,8,0.19475,1.0,0.2054263565891473
2026-06-23,539,2,0.33975,1.0,0.3384321223709369
2026-06-23,539,4,0.28875,1.0,0.2840690978886756
2026-06-23,539,8,0.218,1.0,0.20502901353965183
2026-06-30,540,2,0.34975,1.0,0.33969465648854963
2026-06-30,540,4,0.303,1.0,0.28544061302681994
2026-06-30,540,8,0.231,1.0,0.20463320463320464
2026-07-08,541,2,0.4175,0.0,0.34095238095238095
2026-07-08,541,4,0.39475,0.0,0.28680688336520077
2026-07-08,541,8,0.344,0.0,0.20616570327552985
2026-07-15,542,2,0.4055,0.0,0.34220532319391633
2026-07-15,542,4,0.3865,0.0,0.2881679389312977
2026-07-15,542,8,0.347,0.0,0.2076923076923077
2026-07-22,543,2,0.41525,0.0,0.3415559772296015
2026-07-22,543,4,0.391,1.0,0.2895238095238095
2026-07-22,543,8,0.341,0.0,0.2092130518234165
2026-07-29,544,2,0.407,0.0,0.3409090909090909
2026-07-29,544,4,0.3675,1.0,0.2908745247148289
2026-07-29,544,8,0.32675,0.0,0.210727969348659
2026-08-05,545,2,0.38525,1.0,0.34026465028355385
2026-08-05,545,4,0.35125,0.0,0.2903225806451613
2026-08-12,546,2,0.3805,1.0,0.33962264150943394
2026-08-12,546,4,0.3345,0.0,0.2897727272727273
2026-08-19,547,2,0.39325,0.0,0.3408662900188324
2026-08-19,547,4,0.32975,0.0,0.29111531190926276
2026-08-26,548,2,0.37875,0.0,0.34210526315789475
2026-08-26,548,4,0.3405,0.0,0.29245283018867924
2026-09-02,549,2,0.3785,0.0,0.34146341463414637
2026-09-10,550,2,0.36575,0.0,0.3408239700374532
